Model,DPO2002B
Firmware Version,1.52

Point Format,Y,
Horizontal Units,S,
Horizontal Scale,0.002,
Sample Interval,6.4e-06,
Filter Frequency,290000,
Record Length,3124,
Gating,0.0% to 100.0%,
Probe Attenuation,10,
Vertical Units,V,
Vertical Offset,0,
Vertical Scale,2,
Label,,
TIME,CH1,CH1 Peak Detect
-1.8800e-03,-4.56,-4.88
-1.8736e-03,-4.8,-4.4
-1.8672e-03,-4.32,-4.88
-1.8608e-03,-4.72,-4.16
-1.8544e-03,-4.64,-4.8
-1.8480e-03,-4.4,-4.24
-1.8416e-03,-4.48,-4.8
-1.8352e-03,-4.56,-4.16
-1.8288e-03,-4.16,-4.32
-1.8224e-03,-4.08,-3.92
-1.8160e-03,-4.4,-4.72
-1.8096e-03,-4.56,-4.16
-1.8032e-03,-4.48,-4.72
-1.7968e-03,-4.24,-4.16
-1.7904e-03,-4.32,-4.48
-1.7840e-03,-3.92,-3.84
-1.7776e-03,-4.56,-4.64
-1.7712e-03,-4.16,-3.92
-1.7648e-03,-4,-4.32
-1.7584e-03,-4.24,-3.92
-1.7520e-03,-4.32,-4.56
-1.7456e-03,-4.32,-4.08
-1.7392e-03,-4.24,-4.48
-1.7328e-03,-4.32,-4
-1.7264e-03,-4,-4.48
-1.7200e-03,-4.24,-3.92
-1.7136e-03,-4.32,-4.8
-1.7072e-03,-4.56,-4.16
-1.7008e-03,-4.64,-4.88
-1.6944e-03,-4,-3.92
-1.6880e-03,-4.48,-4.72
-1.6816e-03,-4.48,-4.16
-1.6752e-03,-4.48,-4.56
-1.6688e-03,-4.48,-4.24
-1.6624e-03,-4.4,-4.64
-1.6560e-03,-4.56,-4.24
-1.6496e-03,-4,-4.4
-1.6432e-03,-4.08,-3.76
-1.6368e-03,-4,-4.32
-1.6304e-03,-4.24,-3.84
-1.6240e-03,-4.24,-4.48
-1.6176e-03,-4.32,-4.08
-1.6112e-03,-4.16,-4.64
-1.6048e-03,-4.56,-4.08
-1.5984e-03,-4.48,-4.64
-1.5920e-03,-4.48,-4.24
-1.5856e-03,-4.16,-4.4
-1.5792e-03,-4,-3.84
-1.5728e-03,-4.4,-4.56
-1.5664e-03,-3.92,-3.68
-1.5600e-03,-4,-4.16
-1.5536e-03,-3.92,-3.76
-1.5472e-03,-4.08,-4.48
-1.5408e-03,-4.32,-3.84
-1.5344e-03,-4.4,-4.56
-1.5280e-03,-4.32,-4
-1.5216e-03,-4,-4.4
-1.5152e-03,-3.84,-3.76
-1.5088e-03,-4.48,-4.64
-1.5024e-03,-4.32,-4.24
-1.4960e-03,-4.4,-4.72
-1.4896e-03,-4.56,-4.08
-1.4832e-03,-4.16,-4.48
-1.4768e-03,-4.32,-4.08
-1.4704e-03,-4.16,-4.4
-1.4640e-03,-4.16,-4
-1.4576e-03,-4.08,-4.48
-1.4512e-03,-4.4,-3.92
-1.4448e-03,-4.24,-4.4
-1.4384e-03,-4.08,-3.92
-1.4320e-03,-4.16,-4.48
-1.4256e-03,-4.32,-4
-1.4192e-03,-4.4,-4.48
-1.4128e-03,-4.16,-4
-1.4064e-03,-4.08,-4.4
-1.4000e-03,-4.24,-4
-1.3936e-03,-4.32,-4.48
-1.3872e-03,-4,-3.92
-1.3808e-03,-4.08,-4.72
-1.3744e-03,-4.48,-4
-1.3680e-03,-4.56,-4.72
-1.3616e-03,-4.16,-4.08
-1.3552e-03,-4.56,-4.72
-1.3488e-03,-4.48,-4.32
-1.3424e-03,-4.56,-4.88
-1.3360e-03,-4.72,-4.48
-1.3296e-03,-4.48,-4.56
-1.3232e-03,-4.4,-4.24
-1.3168e-03,-4.4,-4.72
-1.3104e-03,-4.56,-4.32
-1.3040e-03,-4.56,-4.8
-1.2976e-03,-4.24,-3.92
-1.2912e-03,-4.08,-4.64
-1.2848e-03,-4.56,-3.92
-1.2784e-03,-4.24,-4.48
-1.2720e-03,-4,-3.92
-1.2656e-03,-4.4,-4.56
-1.2592e-03,-4.08,-4
-1.2528e-03,-4.48,-4.64
-1.2464e-03,-4.16,-4
-1.2400e-03,-4.4,-4.48
-1.2336e-03,-4.16,-4
-1.2272e-03,-4,-4.16
-1.2208e-03,-3.92,-3.68
-1.2144e-03,-4.24,-4.32
-1.2080e-03,-4.08,-3.76
-1.2016e-03,-3.92,-4.56
-1.1952e-03,-4.32,-3.76
-1.1888e-03,-4.32,-4.48
-1.1824e-03,-4.08,-3.84
-1.1760e-03,-4.16,-4.56
-1.1696e-03,-4.48,-3.84
-1.1632e-03,-4.48,-4.64
-1.1568e-03,-4.16,-4.08
-1.1504e-03,-4.16,-4.32
-1.1440e-03,-4.24,-4.08
-1.1376e-03,-4.48,-4.96
-1.1312e-03,-4.88,-4.24
-1.1248e-03,-4.08,-4.4
-1.1184e-03,-4,-3.76
-1.1120e-03,-4.24,-4.48
-1.1056e-03,-4.24,-4
-1.0992e-03,-4.64,-4.72
-1.0928e-03,-4.4,-4.08
-1.0864e-03,-4,-4.24
-1.0800e-03,-3.92,-3.76
-1.0736e-03,-4,-4.48
-1.0672e-03,-4.08,-3.76
-1.0608e-03,-4.48,-4.72
-1.0544e-03,-4.56,-4.32
-1.0480e-03,-4.48,-4.64
-1.0416e-03,-4,-3.84
-1.0352e-03,-4,-4.24
-1.0288e-03,-3.92,-3.68
-1.0224e-03,-4,-4.56
-1.0160e-03,-4.4,-3.76
-1.0096e-03,-4.32,-4.56
-1.0032e-03,-4.24,-4.16
-9.9680e-04,-4.56,-4.64
-9.9040e-04,-4.48,-4.16
-9.8400e-04,-4.16,-4.72
-9.7760e-04,-4.48,-4.08
-9.7120e-04,-4.4,-4.64
-9.6480e-04,-4.4,-4.16
-9.5840e-04,-4.08,-4.4
-9.5200e-04,-4.16,-3.92
-9.4560e-04,-4.16,-4.48
-9.3920e-04,-4.24,-4.08
-9.3280e-04,-4.32,-4.48
-9.2640e-04,-4.24,-4
-9.2000e-04,-4,-4.48
-9.1360e-04,-4.32,-3.92
-9.0720e-04,-4.4,-4.56
-9.0080e-04,-4.32,-4.08
-8.9440e-04,-4.4,-4.56
-8.8800e-04,-4.24,-4.16
-8.8160e-04,-4.4,-4.64
-8.7520e-04,-4.48,-4.32
-8.6880e-04,-4.56,-4.72
-8.6240e-04,-4.64,-4.32
-8.5600e-04,-4.32,-4.56
-8.4960e-04,-4.32,-4.16
-8.4320e-04,-4.72,-4.96
-8.3680e-04,-4.72,-4.32
-8.3040e-04,-4.32,-4.56
-8.2400e-04,-4.24,-4.08
-8.1760e-04,-4.4,-4.72
-8.1120e-04,-4.56,-4.24
-8.0480e-04,-4.32,-4.56
-7.9840e-04,-4.24,-4
-7.9200e-04,-4.08,-4.4
-7.8560e-04,-4,-3.84
-7.7920e-04,-4.24,-4.32
-7.7280e-04,-3.84,-3.68
-7.6640e-04,-3.76,-4.24
-7.6000e-04,-3.84,-3.6
-7.5360e-04,-4.32,-4.56
-7.4720e-04,-4.32,-4.08
-7.4080e-04,-4.56,-4.64
-7.3440e-04,-4.56,-4.4
-7.2800e-04,-4.4,-4.56
-7.2160e-04,-4.24,-4.08
-7.1520e-04,-4.32,-4.64
-7.0880e-04,-4.4,-4
-7.0240e-04,-4.16,-4.4
-6.9600e-04,-4.08,-3.92
-6.8960e-04,-4.32,-4.8
-6.8320e-04,-4.56,-4.08
-6.7680e-04,-4.56,-4.8
-6.7040e-04,-4,-3.92
-6.6400e-04,-4.32,-4.64
-6.5760e-04,-4.56,-4.08
-6.5120e-04,-4.16,-4.32
-6.4480e-04,-4.08,-3.92
-6.3840e-04,-4.08,-4.16
-6.3200e-04,-4,-3.84
-6.2560e-04,-4,-4.32
-6.1920e-04,-4.24,-3.84
-6.1280e-04,-3.92,-4.08
-6.0640e-04,-3.84,-3.76
-6.0000e-04,-4.08,-4.16
-5.9360e-04,-3.92,-3.84
-5.8720e-04,-4.16,-4.32
-5.8080e-04,-4.16,-3.92
-5.7440e-04,-4,-4.16
-5.6800e-04,-4,-3.84
-5.6160e-04,-4.08,-4.4
-5.5520e-04,-3.92,-3.84
-5.4880e-04,-4.32,-4.48
-5.4240e-04,-4.4,-4.16
-5.3600e-04,-4.24,-4.32
-5.2960e-04,-4.24,-4.08
-5.2320e-04,-4.32,-4.48
-5.1680e-04,-4.4,-4.08
-5.1040e-04,-4.16,-4.4
-5.0400e-04,-3.92,-3.84
-4.9760e-04,-4.16,-4.48
-4.9120e-04,-4.4,-3.92
-4.8480e-04,-4,-4.48
-4.7840e-04,-4.32,-3.84
-4.7200e-04,-4.24,-4.4
-4.6560e-04,-4.08,-3.92
-4.5920e-04,-3.92,-4.08
-4.5280e-04,-3.92,-3.76
-4.4640e-04,-3.84,-4.16
-4.4000e-04,-4,-3.76
-4.3360e-04,-4.16,-4.32
-4.2720e-04,-4.16,-4
-4.2080e-04,-4.08,-4.32
-4.1440e-04,-4.08,-3.76
-4.0800e-04,-4.16,-4.4
-4.0160e-04,-4.32,-4.08
-3.9520e-04,-4.32,-4.56
-3.8880e-04,-4.24,-4.08
-3.8240e-04,-4.56,-4.64
-3.7600e-04,-4.16,-3.92
-3.6960e-04,-4.24,-4.56
-3.6320e-04,-4.4,-4
-3.5680e-04,-4.32,-4.64
-3.5040e-04,-4.48,-4.24
-3.4400e-04,-4.4,-4.72
-3.3760e-04,-4.4,-4.16
-3.3120e-04,-4.8,-4.96
-3.2480e-04,-4.64,-4.08
-3.1840e-04,-4.08,-4.56
-3.1200e-04,-4.4,-4
-3.0560e-04,-4.32,-4.56
-2.9920e-04,-4.32,-4.16
-2.9280e-04,-4.48,-4.64
-2.8640e-04,-4,-3.92
-2.8000e-04,-4.16,-4.32
-2.7360e-04,-4.08,-3.76
-2.6720e-04,-3.68,-4.24
-2.6080e-04,-4,-3.52
-2.5440e-04,-4.4,-4.48
-2.4800e-04,-4.16,-4.08
-2.4160e-04,-4.24,-4.4
-2.3520e-04,-4.16,-4
-2.2880e-04,-4.32,-4.48
-2.2240e-04,-4.24,-4.08
-2.1600e-04,-4.08,-4.56
-2.0960e-04,-4.4,-4
-2.0320e-04,-4.48,-4.56
-1.9680e-04,-4.24,-4.16
-1.9040e-04,-4.64,-4.88
-1.8400e-04,-4.72,-4.32
-1.7760e-04,-4.56,-4.8
-1.7120e-04,-4.56,-4.4
-1.6480e-04,-4.8,-4.96
-1.5840e-04,-4.24,-3.6
-1.5200e-04,-3.68,-4.16
-1.4560e-04,-3.76,-3.52
-1.3920e-04,-4.24,-4.4
-1.3280e-04,-4,-3.84
-1.2640e-04,-4,-4.08
-1.2000e-04,-4,-3.84
-1.1360e-04,-3.84,-4.16
-1.0720e-04,-4,-3.76
-1.0080e-04,-3.92,-4.4
-9.4400e-05,-4.08,-3.84
-8.8000e-05,-4.4,-4.56
-8.1600e-05,-4.32,-4.24
-7.5200e-05,-4.24,-4.4
-6.8800e-05,-4,-3.84
-6.2400e-05,-4.16,-4.48
-5.6000e-05,-4.24,-3.92
-4.9600e-05,-3.76,-4
-4.3200e-05,-3.76,-3.6
-3.6800e-05,-4.32,-4.64
-3.0400e-05,-4.4,-4
-2.4000e-05,-4.64,-4.72
-1.7600e-05,-4.32,-4.16
-1.1200e-05,-4.32,-4.4
-4.8000e-06,-4.08,-4
1.6000e-06,-5.52,-18.16
8.0000e-06,-18.16,2.16
1.4400e-05,2.16,2.16
2.0800e-05,2.16,2.16
2.7200e-05,1.68,-18.16
3.3600e-05,-18.16,2.16
4.0000e-05,-18.16,-18.16
4.6400e-05,-4.96,-3.12
5.2800e-05,-4.56,-4.88
5.9200e-05,-4.72,-3.68
6.5600e-05,-3.76,-4.08
7.2000e-05,-3.44,-3.36
7.8400e-05,-3.92,-4.16
8.4800e-05,-4,-3.68
9.1200e-05,-3.76,-4.24
9.7600e-05,-3.92,-3.68
1.0400e-04,-4.24,-4.4
1.1040e-04,-4.08,-4
1.1680e-04,-4.32,-4.64
1.2320e-04,-4.4,-4.08
1.2960e-04,-4.24,-4.48
1.3600e-04,-4.16,-4.08
1.4240e-04,-4.4,-4.56
1.4880e-04,-4.4,-4.32
1.5520e-04,-4.32,-4.48
1.6160e-04,-4.08,-4
1.6800e-04,-4.48,-4.56
1.7440e-04,-4.32,-3.92
1.8080e-04,-3.92,-4.24
1.8720e-04,-4,-3.76
1.9360e-04,-4.4,-4.48
2.0000e-04,-4.16,-4.08
2.0640e-04,-4.32,-4.4
2.1280e-04,-3.92,-3.76
2.1920e-04,-4.24,-4.4
2.2560e-04,-4.16,-4
2.3200e-04,-4.4,-4.64
2.3840e-04,-4.48,-4.32
2.4480e-04,-4.16,-4.88
2.5120e-04,-4.4,-4.08
2.5760e-04,-4.72,-4.96
2.6400e-04,-4.32,-4.16
2.7040e-04,-4.48,-4.56
2.7680e-04,-4.32,-4.16
2.8320e-04,-4.24,-4.96
2.8960e-04,-4.8,-4.16
2.9600e-04,-4.48,-4.8
3.0240e-04,-4.24,-4.16
3.0880e-04,-4.64,-4.72
3.1520e-04,-4.16,-4
3.2160e-04,-4.08,-4.64
3.2800e-04,-4.48,-4
3.3440e-04,-4.48,-4.8
3.4080e-04,-4.72,-4.4
3.4720e-04,-4.72,-4.8
3.5360e-04,-4.4,-4.24
3.6000e-04,-4.08,-4.56
3.6640e-04,-4.4,-4
3.7280e-04,-4.16,-4.48
3.7920e-04,-4.32,-4.08
3.8560e-04,-4.4,-4.48
3.9200e-04,-3.84,-3.76
3.9840e-04,-3.76,-4.96
4.0480e-04,-4.4,-3.68
4.1120e-04,-4.8,-5.04
4.1760e-04,-4.32,-4.24
4.2400e-04,-4.48,-4.72
4.3040e-04,-4.64,-4.32
4.3680e-04,-4.32,-4.56
4.4320e-04,-4.32,-4.16
4.4960e-04,-4.4,-4.48
4.5600e-04,-4.4,-4.16
4.6240e-04,-4.16,-4.72
4.6880e-04,-4.48,-4.08
4.7520e-04,-4.56,-4.72
4.8160e-04,-4.48,-4.4
4.8800e-04,-4.48,-4.64
4.9440e-04,-4.4,-4.08
5.0080e-04,-4.16,-4.32
5.0720e-04,-4.16,-4
5.1360e-04,-4.08,-4.16
5.2000e-04,-4,-3.92
5.2640e-04,-4.08,-4.32
5.3280e-04,-4.08,-4
5.3920e-04,-4.4,-4.56
5.4560e-04,-4.48,-4.24
5.5200e-04,-4.4,-4.72
5.5840e-04,-4.48,-4.32
5.6480e-04,-4.8,-4.88
5.7120e-04,-4.56,-4.24
5.7760e-04,-4.16,-4.72
5.8400e-04,-4.4,-4.08
5.9040e-04,-4.88,-4.96
5.9680e-04,-4.56,-4.4
6.0320e-04,-4.4,-4.56
6.0960e-04,-4.4,-4.32
6.1600e-04,-4.64,-4.96
6.2240e-04,-4.88,-4.32
6.2880e-04,-4.56,-4.8
6.3520e-04,-4.24,-4.16
6.4160e-04,-4.56,-4.96
6.4800e-04,-4.72,-4.32
6.5440e-04,-4.88,-5.04
6.6080e-04,-4.8,-4.72
6.6720e-04,-4.64,-4.96
6.7360e-04,-4.56,-4.32
6.8000e-04,-4.4,-4.8
6.8640e-04,-4.48,-4.32
6.9280e-04,-4.72,-4.88
6.9920e-04,-4.32,-4.08
7.0560e-04,-4.24,-4.56
7.1200e-04,-4.32,-4.08
7.1840e-04,-4.4,-4.72
7.2480e-04,-4.64,-4.32
7.3120e-04,-4.32,-4.64
7.3760e-04,-4.56,-4.16
7.4400e-04,-4.32,-4.56
7.5040e-04,-4.32,-4.16
7.5680e-04,-4.48,-4.64
7.6320e-04,-4.24,-4.16
7.6960e-04,-4.24,-4.48
7.7600e-04,-4.32,-4.16
7.8240e-04,-4.32,-4.48
7.8880e-04,-4.32,-4.16
7.9520e-04,-4.64,-4.88
8.0160e-04,-4.56,-4.4
8.0800e-04,-4.48,-4.64
8.1440e-04,-4.32,-4.24
8.2080e-04,-4.48,-4.56
8.2720e-04,-4.48,-4.16
8.3360e-04,-4.4,-4.48
8.4000e-04,-4.08,-3.84
8.4640e-04,-4.32,-4.88
8.5280e-04,-4.72,-4
8.5920e-04,-4.56,-4.72
8.6560e-04,-4.48,-4.32
8.7200e-04,-4.32,-4.48
8.7840e-04,-4.24,-4
8.8480e-04,-4.24,-4.48
8.9120e-04,-4.24,-4.08
8.9760e-04,-4.32,-4.4
9.0400e-04,-4.24,-4.08
9.1040e-04,-4.4,-4.72
9.1680e-04,-4.48,-4
9.2320e-04,-4,-4.64
9.2960e-04,-4.48,-3.92
9.3600e-04,-4.56,-4.64
9.4240e-04,-4.48,-4.4
9.4880e-04,-4.56,-4.72
9.5520e-04,-4.4,-4.24
9.6160e-04,-4.08,-4.56
9.6800e-04,-4.32,-4
9.7440e-04,-4.56,-4.64
9.8080e-04,-4.4,-4.32
9.8720e-04,-4.56,-4.8
9.9360e-04,-4.64,-4.32
1.0000e-03,-4.16,-4.48
1.0064e-03,-4.32,-4
1.0128e-03,-4.48,-4.64
1.0192e-03,-4.56,-4.24
1.0256e-03,-4.24,-4.64
1.0320e-03,-4.4,-4.08
1.0384e-03,-4.4,-4.64
1.0448e-03,-3.68,-3.6
1.0512e-03,-3.84,-4.08
1.0576e-03,-4,-3.6
1.0640e-03,-3.92,-4.24
1.0704e-03,-4.08,-3.84
1.0768e-03,-4.16,-4.48
1.0832e-03,-4.4,-4.08
1.0896e-03,-4,-4.32
1.0960e-03,-4.24,-3.84
1.1024e-03,-4.16,-4.32
1.1088e-03,-4.08,-4
1.1152e-03,-4.32,-4.8
1.1216e-03,-4.56,-4.16
1.1280e-03,-4.48,-4.72
1.1344e-03,-4.56,-4.32
1.1408e-03,-4.4,-4.48
1.1472e-03,-4.16,-4.08
1.1536e-03,-4.24,-4.48
1.1600e-03,-4.24,-4
1.1664e-03,-4.4,-4.48
1.1728e-03,-4.4,-4
1.1792e-03,-4.08,-4.48
1.1856e-03,-4.32,-4
1.1920e-03,-4.48,-4.56
1.1984e-03,-4.24,-3.92
1.2048e-03,-3.92,-4.72
1.2112e-03,-4.16,-3.76
1.2176e-03,-4.64,-4.88
1.2240e-03,-4.56,-4.4
1.2304e-03,-4.56,-4.88
1.2368e-03,-4.08,-3.92
1.2432e-03,-4.16,-4.32
1.2496e-03,-4,-3.92
1.2560e-03,-4.24,-4.32
1.2624e-03,-3.84,-3.76
1.2688e-03,-4.24,-4.4
1.2752e-03,-4.32,-3.92
1.2816e-03,-4.32,-4.72
1.2880e-03,-4.56,-4.16
1.2944e-03,-4.64,-4.72
1.3008e-03,-4.4,-4.32
1.3072e-03,-4.32,-4.56
1.3136e-03,-4.32,-4.16
1.3200e-03,-4.4,-4.88
1.3264e-03,-4.4,-4.24
1.3328e-03,-4.88,-4.96
1.3392e-03,-4.4,-4.24
1.3456e-03,-4.32,-4.4
1.3520e-03,-4.24,-4.16
1.3584e-03,-4.24,-4.4
1.3648e-03,-4.16,-4.08
1.3712e-03,-4.16,-4.32
1.3776e-03,-4,-3.84
1.3840e-03,-4.24,-4.4
1.3904e-03,-4,-3.92
1.3968e-03,-4,-4.4
1.4032e-03,-4.32,-3.84
1.4096e-03,-4.32,-4.4
1.4160e-03,-4.16,-4
1.4224e-03,-4.4,-4.48
1.4288e-03,-4,-3.68
1.4352e-03,-3.68,-4.32
1.4416e-03,-4.24,-3.6
1.4480e-03,-4.08,-4.48
1.4544e-03,-4.32,-4
1.4608e-03,-4.32,-4.64
1.4672e-03,-4.08,-4
1.4736e-03,-4.8,-4.96
1.4800e-03,-4.56,-4.24
1.4864e-03,-4.16,-4.64
1.4928e-03,-4.08,-3.84
1.4992e-03,-4.72,-4.8
1.5056e-03,-4.64,-4.32
1.5120e-03,-4.16,-4.4
1.5184e-03,-4,-3.6
1.5248e-03,-3.76,-4.56
1.5312e-03,-4.48,-3.6
1.5376e-03,-4.16,-4.4
1.5440e-03,-4.24,-4.08
1.5504e-03,-4.32,-4.48
1.5568e-03,-4.32,-4.16
1.5632e-03,-4.48,-4.56
1.5696e-03,-4.4,-4.32
1.5760e-03,-4.4,-4.64
1.5824e-03,-4.32,-4.08
1.5888e-03,-4.56,-4.72
1.5952e-03,-4.48,-4.4
1.6016e-03,-4.32,-4.72
1.6080e-03,-4.48,-4.16
1.6144e-03,-4.64,-4.72
1.6208e-03,-4.32,-4.08
1.6272e-03,-4,-4.24
1.6336e-03,-4,-3.84
1.6400e-03,-4.24,-4.8
1.6464e-03,-4.64,-4.08
1.6528e-03,-4.32,-4.64
1.6592e-03,-4.24,-4.08
1.6656e-03,-4.64,-4.96
1.6720e-03,-4.72,-4.48
1.6784e-03,-4.64,-4.88
1.6848e-03,-4.32,-4.24
1.6912e-03,-4.4,-4.48
1.6976e-03,-3.92,-3.76
1.7040e-03,-4.32,-4.56
1.7104e-03,-4.48,-4
1.7168e-03,-4.16,-4.4
1.7232e-03,-3.92,-3.76
1.7296e-03,-4,-4.4
1.7360e-03,-4.24,-3.92
1.7424e-03,-4.08,-4.72
1.7488e-03,-4.4,-4
1.7552e-03,-4.48,-4.72
1.7616e-03,-4.4,-4.16
1.7680e-03,-4.64,-4.8
1.7744e-03,-4.16,-3.84
1.7808e-03,-4,-4.32
1.7872e-03,-4.24,-3.84
1.7936e-03,-4.32,-4.64
1.8000e-03,-4.56,-4.16
1.8064e-03,-4.24,-4.64
1.8128e-03,-4.4,-4.16
1.8192e-03,-4.48,-4.72
1.8256e-03,-4.4,-4.16
1.8320e-03,-4.24,-4.4
1.8384e-03,-4.24,-4.08
1.8448e-03,-4.24,-4.32
1.8512e-03,-4.08,-3.92
1.8576e-03,-4,-4.24
1.8640e-03,-4.08,-3.84
1.8704e-03,-3.84,-4.16
1.8768e-03,-3.84,-3.76
1.8832e-03,-4.24,-4.48
1.8896e-03,-4.16,-4.08
1.8960e-03,-4.48,-4.64
1.9024e-03,-4.48,-4.16
1.9088e-03,-4.32,-4.4
1.9152e-03,-4.24,-3.92
1.9216e-03,-4.08,-4.64
1.9280e-03,-4.4,-3.92
1.9344e-03,-4.64,-4.72
1.9408e-03,-4.4,-4.24
1.9472e-03,-4.24,-4.64
1.9536e-03,-4.4,-4.16
1.9600e-03,-4.64,-4.72
1.9664e-03,-4.48,-4.16
1.9728e-03,-4.24,-4.4
1.9792e-03,-4.08,-3.92
1.9856e-03,-4.08,-4.4
1.9920e-03,-4.24,-4
1.9984e-03,-4.24,-4.48
2.0048e-03,-4.08,-3.92
2.0112e-03,-3.92,-4.16
2.0176e-03,-4,-3.84
2.0240e-03,-4.08,-4.32
2.0304e-03,-4.16,-4
2.0368e-03,-4,-4.08
2.0432e-03,-3.92,-3.76
2.0496e-03,-4.08,-4.48
2.0560e-03,-4.32,-3.92
2.0624e-03,-4.08,-4.24
2.0688e-03,-4.16,-3.92
2.0752e-03,-4.16,-4.56
2.0816e-03,-4.32,-4
2.0880e-03,-4.56,-4.64
2.0944e-03,-4.24,-4.16
2.1008e-03,-4.24,-4.64
2.1072e-03,-4.4,-4.08
2.1136e-03,-4.56,-4.72
2.1200e-03,-4.24,-4.08
2.1264e-03,-4.56,-4.8
2.1328e-03,-4.64,-4.4
2.1392e-03,-4.4,-4.88
2.1456e-03,-4.56,-4.32
2.1520e-03,-4.72,-4.88
2.1584e-03,-4.16,-4
2.1648e-03,-4.48,-4.72
2.1712e-03,-4.48,-4.24
2.1776e-03,-4.56,-4.72
2.1840e-03,-4.4,-4.16
2.1904e-03,-4.16,-4.32
2.1968e-03,-4.08,-4
2.2032e-03,-4.08,-4.48
2.2096e-03,-4.4,-4
2.2160e-03,-4.16,-4.24
2.2224e-03,-4.08,-3.84
2.2288e-03,-3.92,-4.32
2.2352e-03,-4.16,-3.84
2.2416e-03,-4.16,-4.32
2.2480e-03,-4.08,-3.84
2.2544e-03,-4.32,-4.56
2.2608e-03,-4.4,-4.16
2.2672e-03,-4.24,-4.64
2.2736e-03,-4.4,-4.16
2.2800e-03,-4.64,-4.72
2.2864e-03,-4.56,-4.16
2.2928e-03,-4.4,-4.88
2.2992e-03,-4.72,-4.24
2.3056e-03,-4.24,-4.72
2.3120e-03,-4.56,-4.08
2.3184e-03,-4.24,-4.64
2.3248e-03,-3.92,-3.76
2.3312e-03,-4.32,-4.4
2.3376e-03,-4.08,-3.76
2.3440e-03,-4.16,-4.24
2.3504e-03,-4,-3.84
2.3568e-03,-4.32,-4.64
2.3632e-03,-4.24,-3.76
2.3696e-03,-4,-4.16
2.3760e-03,-4.08,-3.76
2.3824e-03,-3.76,-4.08
2.3888e-03,-4,-3.68
2.3952e-03,-3.84,-4.16
2.4016e-03,-3.84,-3.68
2.4080e-03,-4.16,-4.4
2.4144e-03,-4.16,-4
2.4208e-03,-4.48,-4.64
2.4272e-03,-4.16,-4.08
2.4336e-03,-4.24,-4.56
2.4400e-03,-4.4,-4.08
2.4464e-03,-4.48,-4.64
2.4528e-03,-4.32,-4.08
2.4592e-03,-4.24,-4.64
2.4656e-03,-4.48,-4.08
2.4720e-03,-4.48,-4.64
2.4784e-03,-4.24,-4.08
2.4848e-03,-4.16,-4.48
2.4912e-03,-4.4,-4
2.4976e-03,-4.48,-4.64
2.5040e-03,-4.16,-4.08
2.5104e-03,-4.32,-4.48
2.5168e-03,-4.32,-4.16
2.5232e-03,-4.32,-4.48
2.5296e-03,-4.32,-4.08
2.5360e-03,-4.16,-4.32
2.5424e-03,-4.16,-3.92
2.5488e-03,-3.76,-4.24
2.5552e-03,-4.08,-3.6
2.5616e-03,-4.08,-4.64
2.5680e-03,-4.4,-4
2.5744e-03,-4.4,-4.64
2.5808e-03,-4.24,-4.08
2.5872e-03,-4.4,-4.48
2.5936e-03,-4.08,-4
2.6000e-03,-4.24,-4.48
2.6064e-03,-4.24,-4.08
2.6128e-03,-4.48,-4.8
2.6192e-03,-4.64,-4.32
2.6256e-03,-4.24,-4.72
2.6320e-03,-4.56,-4.16
2.6384e-03,-4.32,-4.72
2.6448e-03,-4.16,-3.84
2.6512e-03,-4.64,-4.8
2.6576e-03,-4.64,-4.32
2.6640e-03,-4.08,-4.48
2.6704e-03,-4,-3.68
2.6768e-03,-3.68,-4.32
2.6832e-03,-4,-3.6
2.6896e-03,-4.16,-4.32
2.6960e-03,-4.08,-3.92
2.7024e-03,-4,-4.24
2.7088e-03,-4.16,-3.92
2.7152e-03,-4.16,-4.4
2.7216e-03,-4.08,-4
2.7280e-03,-4.4,-4.56
2.7344e-03,-4.32,-4.16
2.7408e-03,-4.16,-4.56
2.7472e-03,-4.4,-4
2.7536e-03,-4.32,-4.4
2.7600e-03,-4.24,-4.16
2.7664e-03,-4.32,-4.56
2.7728e-03,-4.48,-4.16
2.7792e-03,-4.24,-4.4
2.7856e-03,-3.92,-3.76
2.7920e-03,-4.24,-4.48
2.7984e-03,-4.24,-4.08
2.8048e-03,-4.48,-4.64
2.8112e-03,-4.48,-4.32
2.8176e-03,-4.24,-4.56
2.8240e-03,-4.48,-4.16
2.8304e-03,-4.24,-4.56
2.8368e-03,-4.24,-4.08
2.8432e-03,-4.32,-4.56
2.8496e-03,-4.48,-4.16
2.8560e-03,-4.4,-4.48
2.8624e-03,-4.16,-3.76
2.8688e-03,-4,-4.56
2.8752e-03,-4.4,-3.84
2.8816e-03,-4.16,-4.56
2.8880e-03,-4.08,-3.84
2.8944e-03,-4.72,-4.8
2.9008e-03,-4.48,-4
2.9072e-03,-4.16,-4.64
2.9136e-03,-4.56,-4
2.9200e-03,-4.64,-4.8
2.9264e-03,-4.64,-4.24
2.9328e-03,-4.32,-4.56
2.9392e-03,-4.4,-4.16
2.9456e-03,-4.24,-4.72
2.9520e-03,-4.56,-4.16
2.9584e-03,-4.56,-4.72
2.9648e-03,-4.48,-4.4
2.9712e-03,-4.4,-4.56
2.9776e-03,-4.24,-4.16
2.9840e-03,-4.24,-4.4
2.9904e-03,-3.68,-3.6
2.9968e-03,-4.16,-4.64
3.0032e-03,-4.48,-3.84
3.0096e-03,-4.32,-4.48
3.0160e-03,-4.24,-4.08
3.0224e-03,-4.24,-4.64
3.0288e-03,-4.56,-4
3.0352e-03,-3.84,-4.48
3.0416e-03,-4,-3.6
3.0480e-03,-4.48,-4.56
3.0544e-03,-4.16,-4
3.0608e-03,-4.24,-4.4
3.0672e-03,-4.24,-4
3.0736e-03,-4.4,-4.56
3.0800e-03,-4.16,-3.92
3.0864e-03,-4.16,-4.4
3.0928e-03,-4.32,-3.92
3.0992e-03,-4.16,-4.48
3.1056e-03,-4.32,-4
3.1120e-03,-4.4,-4.64
3.1184e-03,-4.48,-4.16
3.1248e-03,-4.24,-4.64
3.1312e-03,-4.4,-4.08
3.1376e-03,-4.56,-4.64
3.1440e-03,-4,-3.76
3.1504e-03,-3.92,-4.72
3.1568e-03,-4.48,-3.76
3.1632e-03,-4.4,-4.64
3.1696e-03,-4,-3.92
3.1760e-03,-4.24,-4.64
3.1824e-03,-4.48,-4
3.1888e-03,-4.48,-4.64
3.1952e-03,-4.32,-4.24
3.2016e-03,-4.16,-4.48
3.2080e-03,-4.4,-4.08
3.2144e-03,-4,-4.24
3.2208e-03,-3.92,-3.84
3.2272e-03,-4.24,-4.4
3.2336e-03,-4.24,-4.08
3.2400e-03,-4.24,-5.04
3.2464e-03,-4.88,-4.08
3.2528e-03,-4.48,-4.88
3.2592e-03,-4.64,-4.4
3.2656e-03,-4.64,-4.8
3.2720e-03,-4.64,-4.4
3.2784e-03,-4.4,-4.56
3.2848e-03,-4.24,-4.08
3.2912e-03,-4,-4.32
3.2976e-03,-4,-3.68
3.3040e-03,-4.4,-4.64
3.3104e-03,-4.4,-4.24
3.3168e-03,-4.56,-4.72
3.3232e-03,-4.32,-4.08
3.3296e-03,-4.32,-4.48
3.3360e-03,-4.4,-4.08
3.3424e-03,-4.16,-4.4
3.3488e-03,-3.92,-3.84
3.3552e-03,-4,-4.32
3.3616e-03,-4.08,-3.84
3.3680e-03,-4.48,-4.64
3.3744e-03,-4.16,-4.08
3.3808e-03,-4.24,-4.4
3.3872e-03,-3.92,-3.76
3.3936e-03,-4.24,-4.64
3.4000e-03,-4.48,-3.92
3.4064e-03,-4.4,-4.64
3.4128e-03,-4.4,-4.16
3.4192e-03,-4.48,-4.64
3.4256e-03,-4.32,-4.16
3.4320e-03,-4.24,-4.8
3.4384e-03,-4.64,-4.08
3.4448e-03,-4.64,-4.8
3.4512e-03,-4.16,-4.08
3.4576e-03,-4.24,-4.4
3.4640e-03,-4.24,-4.08
3.4704e-03,-4.24,-4.4
3.4768e-03,-4.16,-4.08
3.4832e-03,-4.32,-4.48
3.4896e-03,-4.24,-4.08
3.4960e-03,-4.32,-4.4
3.5024e-03,-4.08,-3.76
3.5088e-03,-3.84,-4.48
3.5152e-03,-4.4,-3.68
3.5216e-03,-4.48,-4.56
3.5280e-03,-4.4,-4.24
3.5344e-03,-4.16,-4.48
3.5408e-03,-4.24,-4
3.5472e-03,-4.32,-4.72
3.5536e-03,-4.32,-4.08
3.5600e-03,-4.56,-4.72
3.5664e-03,-4.24,-3.92
3.5728e-03,-3.92,-4.32
3.5792e-03,-4,-3.84
3.5856e-03,-4.48,-4.72
3.5920e-03,-4.64,-4.24
3.5984e-03,-4.16,-4.48
3.6048e-03,-3.92,-3.84
3.6112e-03,-4.08,-4.4
3.6176e-03,-4.08,-4
3.6240e-03,-4.56,-4.8
3.6304e-03,-4.64,-4.24
3.6368e-03,-4.24,-4.4
3.6432e-03,-3.92,-3.84
3.6496e-03,-4.48,-4.64
3.6560e-03,-4.32,-4.16
3.6624e-03,-4.08,-4.32
3.6688e-03,-4.08,-3.84
3.6752e-03,-4,-4.4
3.6816e-03,-4.08,-3.76
3.6880e-03,-4.16,-4.64
3.6944e-03,-4.4,-4.08
3.7008e-03,-4.4,-4.56
3.7072e-03,-4.16,-4.08
3.7136e-03,-4.4,-4.48
3.7200e-03,-4.16,-4.08
3.7264e-03,-4.24,-4.4
3.7328e-03,-4.24,-4.08
3.7392e-03,-4.4,-4.48
3.7456e-03,-4.32,-4.16
3.7520e-03,-4.24,-4.88
3.7584e-03,-4.72,-4.16
3.7648e-03,-4.4,-4.72
3.7712e-03,-4.32,-4.24
3.7776e-03,-4.32,-4.56
3.7840e-03,-4.48,-4.16
3.7904e-03,-4.32,-4.88
3.7968e-03,-4.32,-4.08
3.8032e-03,-4.72,-4.88
3.8096e-03,-4.08,-3.92
3.8160e-03,-4.08,-4.32
3.8224e-03,-4.24,-3.92
3.8288e-03,-4.16,-4.64
3.8352e-03,-4.56,-4
3.8416e-03,-4.48,-4.64
3.8480e-03,-4.24,-3.84
3.8544e-03,-3.92,-4.4
3.8608e-03,-4,-3.76
3.8672e-03,-4.24,-4.48
3.8736e-03,-4.32,-4
3.8800e-03,-4.16,-4.48
3.8864e-03,-4.08,-3.92
3.8928e-03,-4.56,-4.64
3.8992e-03,-4.4,-4.24
3.9056e-03,-4.24,-4.4
3.9120e-03,-4.24,-4
3.9184e-03,-4.16,-4.64
3.9248e-03,-4.56,-4
3.9312e-03,-4,-4.32
3.9376e-03,-3.92,-3.68
3.9440e-03,-4.08,-4.4
3.9504e-03,-4.32,-4
3.9568e-03,-4.48,-4.56
3.9632e-03,-4.24,-4
3.9696e-03,-4.16,-4.4
3.9760e-03,-4.16,-3.76
3.9824e-03,-3.76,-4.16
3.9888e-03,-3.92,-3.6
3.9952e-03,-4.16,-4.48
4.0016e-03,-4.32,-3.92
4.0080e-03,-4.16,-4.4
4.0144e-03,-4.24,-4.08
4.0208e-03,-4.24,-4.64
4.0272e-03,-4.48,-4.16
4.0336e-03,-4.56,-4.64
4.0400e-03,-4.16,-4
4.0464e-03,-4.4,-4.48
4.0528e-03,-3.92,-3.6
4.0592e-03,-3.84,-4.48
4.0656e-03,-4.32,-3.6
4.0720e-03,-4.32,-4.72
4.0784e-03,-4.56,-4.16
4.0848e-03,-4.4,-4.64
4.0912e-03,-4.24,-4.08
4.0976e-03,-4.16,-4.48
4.1040e-03,-4.32,-4.08
4.1104e-03,-4.56,-4.64
4.1168e-03,-4.24,-4
4.1232e-03,-4.16,-4.4
4.1296e-03,-4.24,-4
4.1360e-03,-4.24,-4.72
4.1424e-03,-4.32,-4.08
4.1488e-03,-4.64,-4.8
4.1552e-03,-4.08,-4
4.1616e-03,-4.4,-4.56
4.1680e-03,-4,-3.68
4.1744e-03,-3.6,-4.56
4.1808e-03,-4.16,-3.52
4.1872e-03,-4.32,-4.64
4.1936e-03,-3.92,-3.84
4.2000e-03,-4.16,-4.4
4.2064e-03,-4.32,-4
4.2128e-03,-4.4,-4.64
4.2192e-03,-4.48,-4.24
4.2256e-03,-4.24,-4.48
4.2320e-03,-4.32,-4.08
4.2384e-03,-4.24,-4.48
4.2448e-03,-4.24,-4
4.2512e-03,-4.24,-4.56
4.2576e-03,-4.24,-3.92
4.2640e-03,-4.64,-4.72
4.2704e-03,-4.56,-4.32
4.2768e-03,-4.64,-4.72
4.2832e-03,-4.48,-4.32
4.2896e-03,-4.48,-4.64
4.2960e-03,-4.16,-3.92
4.3024e-03,-4,-4.32
4.3088e-03,-4.16,-3.84
4.3152e-03,-4.08,-4.4
4.3216e-03,-4.08,-3.84
4.3280e-03,-4.16,-4.4
4.3344e-03,-4.08,-4
4.3408e-03,-4,-4.48
4.3472e-03,-4.24,-3.92
4.3536e-03,-4.16,-4.56
4.3600e-03,-4.4,-4.08
4.3664e-03,-4.08,-4.4
4.3728e-03,-4,-3.92
4.3792e-03,-4.56,-4.88
4.3856e-03,-4.72,-4.32
4.3920e-03,-4.48,-4.64
4.3984e-03,-4,-3.92
4.4048e-03,-4.16,-4.24
4.4112e-03,-4.08,-3.92
4.4176e-03,-4.16,-4.48
4.4240e-03,-4.4,-4
4.4304e-03,-4.08,-4.4
4.4368e-03,-4,-3.92
4.4432e-03,-4.32,-4.64
4.4496e-03,-4.4,-4
4.4560e-03,-4.4,-4.56
4.4624e-03,-4.48,-4.16
4.4688e-03,-4.4,-4.56
4.4752e-03,-4.32,-4.16
4.4816e-03,-4.32,-4.4
4.4880e-03,-4.08,-3.84
4.4944e-03,-4,-4.48
4.5008e-03,-4.32,-3.84
4.5072e-03,-3.84,-4.16
4.5136e-03,-4,-3.76
4.5200e-03,-4,-4.24
4.5264e-03,-4.08,-3.92
4.5328e-03,-4.08,-4.24
4.5392e-03,-3.92,-3.76
4.5456e-03,-3.84,-4.32
4.5520e-03,-3.92,-3.76
4.5584e-03,-4.48,-4.56
4.5648e-03,-4.16,-3.92
4.5712e-03,-4.08,-4.4
4.5776e-03,-4.08,-3.92
4.5840e-03,-4.48,-4.64
4.5904e-03,-4.24,-4.08
4.5968e-03,-4.4,-4.64
4.6032e-03,-4.48,-4.16
4.6096e-03,-4.24,-4.64
4.6160e-03,-4.24,-4.08
4.6224e-03,-4.56,-4.72
4.6288e-03,-4.32,-4.08
4.6352e-03,-4.16,-4.4
4.6416e-03,-4.24,-4.08
4.6480e-03,-4.24,-4.64
4.6544e-03,-4.56,-4.08
4.6608e-03,-4.16,-4.4
4.6672e-03,-4.24,-4.08
4.6736e-03,-4,-4.24
4.6800e-03,-4.08,-3.92
4.6864e-03,-4.32,-4.4
4.6928e-03,-3.92,-3.76
4.6992e-03,-3.92,-4.16
4.7056e-03,-3.92,-3.68
4.7120e-03,-4,-4.56
4.7184e-03,-4.4,-3.92
4.7248e-03,-4.32,-4.48
4.7312e-03,-4.4,-4.16
4.7376e-03,-4.32,-4.48
4.7440e-03,-4.32,-4.08
4.7504e-03,-4.16,-4.64
4.7568e-03,-4.56,-4.08
4.7632e-03,-4.32,-4.56
4.7696e-03,-4.24,-4.08
4.7760e-03,-4.24,-4.64
4.7824e-03,-4.48,-4.16
4.7888e-03,-4.48,-4.88
4.7952e-03,-4.72,-4.24
4.8016e-03,-4,-4.4
4.8080e-03,-4.16,-3.92
4.8144e-03,-4.32,-4.72
4.8208e-03,-4.48,-4.08
4.8272e-03,-4.08,-4.24
4.8336e-03,-4,-3.84
4.8400e-03,-4,-4.16
4.8464e-03,-3.84,-3.68
4.8528e-03,-4.32,-4.48
4.8592e-03,-4.24,-3.76
4.8656e-03,-3.76,-4
4.8720e-03,-3.84,-3.6
4.8784e-03,-4,-4.32
4.8848e-03,-4.24,-3.84
4.8912e-03,-4,-4.24
4.8976e-03,-3.92,-3.68
4.9040e-03,-4.32,-4.72
4.9104e-03,-4.48,-4.08
4.9168e-03,-4.08,-4.56
4.9232e-03,-4.24,-4
4.9296e-03,-4.64,-4.8
4.9360e-03,-4.72,-4.4
4.9424e-03,-4.56,-4.72
4.9488e-03,-4.48,-4.32
4.9552e-03,-4.32,-4.8
4.9616e-03,-4.64,-4.16
4.9680e-03,-4.24,-4.56
4.9744e-03,-4.08,-3.84
4.9808e-03,-4.32,-4.4
4.9872e-03,-4,-3.84
4.9936e-03,-4.4,-4.48
5.0000e-03,-4,-3.84
5.0064e-03,-4.16,-4.4
5.0128e-03,-4.16,-3.92
5.0192e-03,-4,-4.32
5.0256e-03,-4.08,-3.92
5.0320e-03,-4.32,-4.64
5.0384e-03,-4.48,-4.16
5.0448e-03,-4.4,-4.64
5.0512e-03,-4.56,-4.32
5.0576e-03,-4.16,-4.4
5.0640e-03,-3.76,-3.68
5.0704e-03,-4,-5.04
5.0768e-03,-4.72,-3.76
5.0832e-03,-4.88,-5.04
5.0896e-03,-4.72,-4.32
5.0960e-03,-4.48,-4.64
5.1024e-03,-4.48,-4.32
5.1088e-03,-4.24,-4.4
5.1152e-03,-4.24,-4.08
5.1216e-03,-4,-4.24
5.1280e-03,-4.08,-3.92
5.1344e-03,-4.16,-4.32
5.1408e-03,-3.84,-3.68
5.1472e-03,-3.92,-4.08
5.1536e-03,-3.92,-3.76
5.1600e-03,-3.92,-4.48
5.1664e-03,-4.24,-3.76
5.1728e-03,-4.48,-4.56
5.1792e-03,-4.08,-3.76
5.1856e-03,-3.84,-4.48
5.1920e-03,-4.4,-3.76
5.1984e-03,-4,-4.32
5.2048e-03,-3.92,-3.76
5.2112e-03,-4.16,-4.64
5.2176e-03,-4.48,-3.92
5.2240e-03,-4.32,-4.56
5.2304e-03,-4,-3.92
5.2368e-03,-4.56,-4.72
5.2432e-03,-4.56,-4.24
5.2496e-03,-4.48,-4.56
5.2560e-03,-4.4,-4.16
5.2624e-03,-4.32,-4.48
5.2688e-03,-4.32,-4.16
5.2752e-03,-4.48,-4.72
5.2816e-03,-4.4,-4.16
5.2880e-03,-4.32,-4.48
5.2944e-03,-4.24,-4.08
5.3008e-03,-4.32,-4.48
5.3072e-03,-4.24,-4.08
5.3136e-03,-4.08,-4.16
5.3200e-03,-4.08,-3.92
5.3264e-03,-4,-4.08
5.3328e-03,-3.92,-3.76
5.3392e-03,-4,-4.24
5.3456e-03,-4,-3.76
5.3520e-03,-3.84,-4.4
5.3584e-03,-4.24,-3.76
5.3648e-03,-4.32,-4.48
5.3712e-03,-4.24,-4.08
5.3776e-03,-4.32,-4.56
5.3840e-03,-4.4,-4.08
5.3904e-03,-4.48,-4.64
5.3968e-03,-4.48,-4.24
5.4032e-03,-4.16,-4.8
5.4096e-03,-4.48,-4.08
5.4160e-03,-4.48,-4.72
5.4224e-03,-4.08,-4
5.4288e-03,-4.32,-4.4
5.4352e-03,-4.16,-4.08
5.4416e-03,-4.16,-4.32
5.4480e-03,-4,-3.84
5.4544e-03,-4.16,-4.4
5.4608e-03,-4.16,-4
5.4672e-03,-4.16,-4.48
5.4736e-03,-4.32,-3.92
5.4800e-03,-4.32,-4.56
5.4864e-03,-4.24,-4.16
5.4928e-03,-4.56,-4.64
5.4992e-03,-4,-3.76
5.5056e-03,-3.92,-4.32
5.5120e-03,-4.08,-3.76
5.5184e-03,-4.08,-4.4
5.5248e-03,-4.16,-4
5.5312e-03,-4.16,-4.4
5.5376e-03,-4.08,-3.92
5.5440e-03,-4.08,-4.48
5.5504e-03,-4.4,-4
5.5568e-03,-4.24,-4.48
5.5632e-03,-4.32,-4.08
5.5696e-03,-4.48,-4.56
5.5760e-03,-3.92,-3.84
5.5824e-03,-4.24,-4.4
5.5888e-03,-4.16,-4.08
5.5952e-03,-4.48,-4.8
5.6016e-03,-4.64,-4.24
5.6080e-03,-4.24,-4.48
5.6144e-03,-4.4,-4.16
5.6208e-03,-4.24,-4.48
5.6272e-03,-4.32,-4.16
5.6336e-03,-4,-4.32
5.6400e-03,-4.08,-3.76
5.6464e-03,-4.16,-4.4
5.6528e-03,-4.08,-4
5.6592e-03,-4.08,-4.48
5.6656e-03,-4.24,-4
5.6720e-03,-4.4,-4.56
5.6784e-03,-4.24,-4
5.6848e-03,-4.16,-4.24
5.6912e-03,-3.84,-3.68
5.6976e-03,-4,-4.72
5.7040e-03,-4.48,-3.84
5.7104e-03,-4.24,-4.64
5.7168e-03,-3.92,-3.84
5.7232e-03,-4.08,-4.24
5.7296e-03,-4,-3.84
5.7360e-03,-3.84,-4.72
5.7424e-03,-4.16,-3.76
5.7488e-03,-4.72,-4.88
5.7552e-03,-4.24,-4.08
5.7616e-03,-4.56,-4.72
5.7680e-03,-4.4,-4
5.7744e-03,-4.16,-4.8
5.7808e-03,-4.64,-4
5.7872e-03,-4.48,-4.8
5.7936e-03,-4.4,-4.16
5.8000e-03,-4.4,-4.64
5.8064e-03,-4.48,-4.24
5.8128e-03,-4.4,-4.48
5.8192e-03,-4.32,-4.16
5.8256e-03,-4.08,-4.4
5.8320e-03,-4.32,-4
5.8384e-03,-4,-4.24
5.8448e-03,-4.08,-3.84
5.8512e-03,-4.32,-4.56
5.8576e-03,-4.4,-4.08
5.8640e-03,-4.16,-4.4
5.8704e-03,-4.08,-4
5.8768e-03,-4.32,-4.72
5.8832e-03,-4.48,-4.16
5.8896e-03,-4.16,-4.64
5.8960e-03,-4.4,-4.08
5.9024e-03,-4.48,-4.64
5.9088e-03,-4.16,-4
5.9152e-03,-4.16,-4.56
5.9216e-03,-4.32,-4
5.9280e-03,-4,-4.72
5.9344e-03,-4.56,-3.92
5.9408e-03,-4.56,-4.72
5.9472e-03,-4.48,-4.16
5.9536e-03,-4.24,-4.64
5.9600e-03,-4.56,-4.16
5.9664e-03,-4.24,-4.4
5.9728e-03,-4.16,-3.84
5.9792e-03,-4,-4.32
5.9856e-03,-4.24,-3.84
5.9920e-03,-4.16,-4.32
5.9984e-03,-4.24,-4
6.0048e-03,-4,-4.16
6.0112e-03,-3.76,-3.6
6.0176e-03,-4.24,-4.32
6.0240e-03,-4.08,-4
6.0304e-03,-4.16,-4.32
6.0368e-03,-4.08,-3.92
6.0432e-03,-3.92,-4.4
6.0496e-03,-4.16,-3.84
6.0560e-03,-4.24,-4.48
6.0624e-03,-4.32,-4.08
6.0688e-03,-4.16,-4.56
6.0752e-03,-4.32,-4.08
6.0816e-03,-4.48,-4.64
6.0880e-03,-4.32,-4.16
6.0944e-03,-4.4,-4.48
6.1008e-03,-4.24,-4.08
6.1072e-03,-4.24,-4.4
6.1136e-03,-4.08,-4
6.1200e-03,-4.16,-4.48
6.1264e-03,-4.32,-4.08
6.1328e-03,-4.16,-4.4
6.1392e-03,-4.24,-4.08
6.1456e-03,-4.24,-4.64
6.1520e-03,-4.4,-4.08
6.1584e-03,-4.48,-4.64
6.1648e-03,-4.48,-4.32
6.1712e-03,-4.56,-4.72
6.1776e-03,-4.24,-3.84
6.1840e-03,-3.76,-4.16
6.1904e-03,-4,-3.68
6.1968e-03,-4.24,-4.56
6.2032e-03,-4.48,-4
6.2096e-03,-4.4,-4.56
6.2160e-03,-4.16,-4.08
6.2224e-03,-4.24,-4.48
6.2288e-03,-4.32,-4.08
6.2352e-03,-4.16,-4.32
6.2416e-03,-4.24,-4
6.2480e-03,-4.32,-4.56
6.2544e-03,-4.48,-4.08
6.2608e-03,-4.32,-4.8
6.2672e-03,-4.64,-4.16
6.2736e-03,-3.92,-4.8
6.2800e-03,-4.32,-3.84
6.2864e-03,-4.64,-4.8
6.2928e-03,-4,-3.84
6.2992e-03,-4.32,-4.56
6.3056e-03,-4.4,-4.08
6.3120e-03,-4.08,-4.32
6.3184e-03,-4.24,-3.92
6.3248e-03,-4,-4.48
6.3312e-03,-4.24,-3.92
6.3376e-03,-4.4,-4.56
6.3440e-03,-4.32,-4
6.3504e-03,-4.08,-4.64
6.3568e-03,-4.48,-4
6.3632e-03,-4.32,-4.64
6.3696e-03,-4.48,-4.16
6.3760e-03,-4.32,-4.56
6.3824e-03,-3.84,-3.76
6.3888e-03,-4,-4.48
6.3952e-03,-4.24,-3.84
6.4016e-03,-4.32,-4.48
6.4080e-03,-4.16,-4
6.4144e-03,-4.32,-4.48
6.4208e-03,-4.08,-3.76
6.4272e-03,-4.08,-4.72
6.4336e-03,-4.16,-3.84
6.4400e-03,-4.8,-4.88
6.4464e-03,-4.16,-3.92
6.4528e-03,-4.16,-4.4
6.4592e-03,-4.24,-4
6.4656e-03,-4.4,-4.72
6.4720e-03,-4.56,-4.16
6.4784e-03,-4.48,-4.72
6.4848e-03,-3.84,-3.6
6.4912e-03,-3.84,-4.24
6.4976e-03,-4,-3.6
6.5040e-03,-3.92,-4.32
6.5104e-03,-4.16,-3.76
6.5168e-03,-4.32,-4.4
6.5232e-03,-4.24,-4.16
6.5296e-03,-4.08,-4.56
6.5360e-03,-4.32,-3.92
6.5424e-03,-4.56,-4.72
6.5488e-03,-4.4,-4.16
6.5552e-03,-4.4,-4.48
6.5616e-03,-4.16,-4.08
6.5680e-03,-4.32,-4.56
6.5744e-03,-4.32,-4.16
6.5808e-03,-4.56,-4.64
6.5872e-03,-4.16,-4.08
6.5936e-03,-4.32,-4.4
6.6000e-03,-4.24,-4.16
6.6064e-03,-4.32,-4.4
6.6128e-03,-4.24,-4.08
6.6192e-03,-4.24,-4.48
6.6256e-03,-4.24,-4.08
6.6320e-03,-4.4,-4.56
6.6384e-03,-4.4,-4.24
6.6448e-03,-4.4,-4.56
6.6512e-03,-4.16,-4.08
6.6576e-03,-4.08,-4.32
6.6640e-03,-3.76,-3.68
6.6704e-03,-3.84,-4.08
6.6768e-03,-3.84,-3.68
6.6832e-03,-4,-4.4
6.6896e-03,-4.16,-3.92
6.6960e-03,-4.4,-4.72
6.7024e-03,-4.48,-4.24
6.7088e-03,-4.48,-4.64
6.7152e-03,-4.24,-4.08
6.7216e-03,-4.16,-4.48
6.7280e-03,-4.32,-4.08
6.7344e-03,-4.24,-4.48
6.7408e-03,-4.08,-3.84
6.7472e-03,-4.32,-4.4
6.7536e-03,-4.16,-4.08
6.7600e-03,-4.32,-4.4
6.7664e-03,-4.16,-4.08
6.7728e-03,-4.48,-4.64
6.7792e-03,-4.08,-4
6.7856e-03,-4.4,-4.48
6.7920e-03,-4.24,-4.08
6.7984e-03,-4.24,-4.4
6.8048e-03,-4.08,-4
6.8112e-03,-4.24,-4.32
6.8176e-03,-4.08,-3.84
6.8240e-03,-3.92,-4.48
6.8304e-03,-4.16,-3.84
6.8368e-03,-4.32,-4.48
6.8432e-03,-4.08,-3.92
6.8496e-03,-4,-4.24
6.8560e-03,-4.08,-3.92
6.8624e-03,-4.08,-4.32
6.8688e-03,-4.24,-3.92
6.8752e-03,-4.16,-4.88
6.8816e-03,-4.48,-4.08
6.8880e-03,-4.64,-4.88
6.8944e-03,-4.56,-4.32
6.9008e-03,-4.24,-4.48
6.9072e-03,-4.08,-4
6.9136e-03,-4.24,-4.56
6.9200e-03,-4.24,-4.16
6.9264e-03,-4.56,-4.64
6.9328e-03,-4.16,-4
6.9392e-03,-4.08,-4.56
6.9456e-03,-4.4,-3.92
6.9520e-03,-4.48,-4.64
6.9584e-03,-4.48,-4.32
6.9648e-03,-4.4,-4.88
6.9712e-03,-4.72,-4.32
6.9776e-03,-4.4,-4.72
6.9840e-03,-4.32,-3.84
6.9904e-03,-3.76,-4.48
6.9968e-03,-4.24,-3.68
7.0032e-03,-4.4,-4.64
7.0096e-03,-4.48,-4.16
7.0160e-03,-4.4,-4.56
7.0224e-03,-4.24,-4.08
7.0288e-03,-4.24,-4.4
7.0352e-03,-4.32,-4.08
7.0416e-03,-4.48,-4.72
7.0480e-03,-4.56,-4.16
7.0544e-03,-4.08,-4.32
7.0608e-03,-4.08,-3.92
7.0672e-03,-4.24,-4.56
7.0736e-03,-4.48,-4
7.0800e-03,-4.16,-4.4
7.0864e-03,-4,-3.92
7.0928e-03,-4.16,-4.56
7.0992e-03,-4.4,-4
7.1056e-03,-4,-4.64
7.1120e-03,-4.32,-3.76
7.1184e-03,-4.48,-4.64
7.1248e-03,-4.24,-4.08
7.1312e-03,-4.32,-4.48
7.1376e-03,-4.24,-4.08
7.1440e-03,-4.16,-4.72
7.1504e-03,-4.56,-4.08
7.1568e-03,-4.48,-4.72
7.1632e-03,-4.4,-3.84
7.1696e-03,-3.92,-4.64
7.1760e-03,-4.24,-3.76
7.1824e-03,-4.48,-4.64
7.1888e-03,-4.32,-4.16
7.1952e-03,-4.24,-4.32
7.2016e-03,-4.16,-4.08
7.2080e-03,-4.16,-4.32
7.2144e-03,-4.16,-4
7.2208e-03,-4,-4.24
7.2272e-03,-3.92,-3.76
7.2336e-03,-4,-4.32
7.2400e-03,-4.08,-3.76
7.2464e-03,-4.24,-4.4
7.2528e-03,-4.16,-4
7.2592e-03,-4.32,-4.48
7.2656e-03,-4.32,-4.08
7.2720e-03,-4.32,-4.56
7.2784e-03,-4.32,-4.08
7.2848e-03,-4.32,-4.56
7.2912e-03,-4.32,-4.16
7.2976e-03,-4.4,-4.56
7.3040e-03,-4.24,-4.08
7.3104e-03,-3.84,-4.48
7.3168e-03,-4.08,-3.68
7.3232e-03,-4.32,-4.48
7.3296e-03,-4.16,-4
7.3360e-03,-4.4,-4.56
7.3424e-03,-4.08,-3.92
7.3488e-03,-4.16,-4.24
7.3552e-03,-3.84,-3.76
7.3616e-03,-4.16,-4.56
7.3680e-03,-4.4,-3.92
7.3744e-03,-4.4,-4.48
7.3808e-03,-4.16,-4
7.3872e-03,-4.32,-4.4
7.3936e-03,-4.16,-4.08
7.4000e-03,-4.16,-4.48
7.4064e-03,-4.32,-4.08
7.4128e-03,-4.24,-4.4
7.4192e-03,-4.16,-4.08
7.4256e-03,-4.32,-4.72
7.4320e-03,-4.48,-4.16
7.4384e-03,-4.64,-4.8
7.4448e-03,-4.32,-4.24
7.4512e-03,-4.24,-4.48
7.4576e-03,-4.24,-4
7.4640e-03,-4.32,-4.48
7.4704e-03,-4.16,-4
7.4768e-03,-4.16,-4.24
7.4832e-03,-4.16,-3.84
7.4896e-03,-4.08,-4.32
7.4960e-03,-4.16,-3.92
7.5024e-03,-3.92,-4.56
7.5088e-03,-4.24,-3.76
7.5152e-03,-4.24,-4.56
7.5216e-03,-4.08,-3.92
7.5280e-03,-3.92,-4.32
7.5344e-03,-3.84,-3.6
7.5408e-03,-4.24,-4.72
7.5472e-03,-4.4,-4.16
7.5536e-03,-4.64,-4.88
7.5600e-03,-4.08,-4
7.5664e-03,-4.16,-4.72
7.5728e-03,-4.4,-4
7.5792e-03,-4.56,-4.72
7.5856e-03,-4.4,-4.08
7.5920e-03,-4.08,-4.48
7.5984e-03,-4.4,-3.92
7.6048e-03,-4.16,-4.4
7.6112e-03,-4.16,-3.92
7.6176e-03,-3.92,-4.4
7.6240e-03,-4.16,-3.84
7.6304e-03,-4.24,-4.56
7.6368e-03,-4.4,-4.16
7.6432e-03,-4.32,-4.48
7.6496e-03,-4.16,-4
7.6560e-03,-4.16,-4.4
7.6624e-03,-4.16,-4.08
7.6688e-03,-4.08,-4.56
7.6752e-03,-4.4,-3.92
7.6816e-03,-4.56,-4.64
7.6880e-03,-4.32,-4.08
7.6944e-03,-4.08,-4.48
7.7008e-03,-4.08,-4
7.7072e-03,-4.56,-4.88
7.7136e-03,-4.8,-4.32
7.7200e-03,-4.48,-4.72
7.7264e-03,-4.4,-4.24
7.7328e-03,-4.16,-4.4
7.7392e-03,-4.24,-4
7.7456e-03,-4.08,-4.32
7.7520e-03,-4.16,-4
7.7584e-03,-4,-4.4
7.7648e-03,-4.16,-3.92
7.7712e-03,-4.32,-4.48
7.7776e-03,-3.92,-3.76
7.7840e-03,-4,-4.32
7.7904e-03,-4.16,-3.84
7.7968e-03,-4.16,-4.56
7.8032e-03,-4.48,-4
7.8096e-03,-4.24,-4.48
7.8160e-03,-4.24,-4
7.8224e-03,-4.56,-4.64
7.8288e-03,-4.16,-4
7.8352e-03,-4.08,-4.56
7.8416e-03,-4.4,-4
7.8480e-03,-4.32,-4.56
7.8544e-03,-4.4,-4.16
7.8608e-03,-4.24,-4.48
7.8672e-03,-4,-3.76
7.8736e-03,-4.48,-4.56
7.8800e-03,-4.16,-4
7.8864e-03,-4.32,-4.4
7.8928e-03,-4.16,-4
7.8992e-03,-4,-4.16
7.9056e-03,-3.92,-3.84
7.9120e-03,-4.16,-4.72
7.9184e-03,-4.64,-4
7.9248e-03,-4.32,-4.56
7.9312e-03,-4.16,-3.92
7.9376e-03,-4.08,-4.72
7.9440e-03,-4.64,-3.92
7.9504e-03,-4.56,-4.72
7.9568e-03,-4.08,-3.92
7.9632e-03,-4,-4.16
7.9696e-03,-3.92,-3.76
7.9760e-03,-4,-4.32
7.9824e-03,-4.08,-3.84
7.9888e-03,-4.24,-4.4
7.9952e-03,-4.24,-4
8.0016e-03,-4.24,-4.4
8.0080e-03,-4.16,-4.08
8.0144e-03,-4.16,-4.4
8.0208e-03,-3.92,-3.84
8.0272e-03,-4.16,-4.4
8.0336e-03,-4.24,-3.84
8.0400e-03,-4.4,-4.64
8.0464e-03,-4.4,-4.16
8.0528e-03,-4.4,-4.64
8.0592e-03,-4.16,-4.08
8.0656e-03,-4.72,-4.8
8.0720e-03,-4.4,-3.92
8.0784e-03,-4.08,-4.48
8.0848e-03,-4.4,-3.92
8.0912e-03,-4.4,-4.48
8.0976e-03,-4.08,-3.92
8.1040e-03,-4.08,-4.24
8.1104e-03,-3.92,-3.76
8.1168e-03,-4,-4.48
8.1232e-03,-4.4,-3.84
8.1296e-03,-4.24,-4.64
8.1360e-03,-4.56,-4.08
8.1424e-03,-4.08,-4.32
8.1488e-03,-3.76,-3.6
8.1552e-03,-3.92,-4.72
8.1616e-03,-4.64,-3.68
8.1680e-03,-3.92,-4.4
8.1744e-03,-4.08,-3.68
8.1808e-03,-4.32,-4.56
8.1872e-03,-4.4,-4.08
8.1936e-03,-4,-4.24
8.2000e-03,-4.16,-3.92
8.2064e-03,-4.08,-4.4
8.2128e-03,-4.16,-3.92
8.2192e-03,-4.24,-4.64
8.2256e-03,-4.48,-3.92
8.2320e-03,-4.08,-4.4
8.2384e-03,-4.08,-3.84
8.2448e-03,-4.16,-4.32
8.2512e-03,-3.92,-3.84
8.2576e-03,-4.32,-4.56
8.2640e-03,-4.4,-4.08
8.2704e-03,-4.16,-4.4
8.2768e-03,-4.24,-4
8.2832e-03,-4,-4.48
8.2896e-03,-4.32,-3.92
8.2960e-03,-4.56,-4.64
8.3024e-03,-4.24,-4.08
8.3088e-03,-4.16,-4.32
8.3152e-03,-4,-3.84
8.3216e-03,-4.24,-4.72
8.3280e-03,-4.56,-4.08
8.3344e-03,-4.32,-4.64
8.3408e-03,-3.92,-3.84
8.3472e-03,-4.32,-4.56
8.3536e-03,-4.32,-4
8.3600e-03,-4,-4.32
8.3664e-03,-4.16,-3.92
8.3728e-03,-4.16,-4.64
8.3792e-03,-4.32,-4.08
8.3856e-03,-4.72,-4.88
8.3920e-03,-4.4,-4.32
8.3984e-03,-4.24,-4.48
8.4048e-03,-3.92,-3.76
8.4112e-03,-4.32,-4.4
8.4176e-03,-4.16,-4.08
8.4240e-03,-4.4,-4.64
8.4304e-03,-4.48,-4.24
8.4368e-03,-4.48,-4.64
8.4432e-03,-4,-3.92
8.4496e-03,-4.08,-4.56
8.4560e-03,-4.4,-4
8.4624e-03,-4.32,-4.48
8.4688e-03,-4.32,-4.08
8.4752e-03,-4.08,-4.32
8.4816e-03,-4.08,-4
8.4880e-03,-4.24,-4.4
8.4944e-03,-4.08,-3.92
8.5008e-03,-4.08,-4.4
8.5072e-03,-4.32,-3.92
8.5136e-03,-4.32,-4.48
8.5200e-03,-4.24,-4.08
8.5264e-03,-4.48,-4.88
8.5328e-03,-4.64,-4.24
8.5392e-03,-4.64,-4.8
8.5456e-03,-4.4,-4.24
8.5520e-03,-4.4,-4.48
8.5584e-03,-4.16,-4.08
8.5648e-03,-4.4,-4.64
8.5712e-03,-4.48,-3.92
8.5776e-03,-3.92,-4.32
8.5840e-03,-4.16,-3.76
8.5904e-03,-4.24,-4.4
8.5968e-03,-4.08,-4
8.6032e-03,-4.32,-4.56
8.6096e-03,-4.48,-4.16
8.6160e-03,-4.24,-4.4
8.6224e-03,-4,-3.92
8.6288e-03,-4.08,-4.16
8.6352e-03,-3.84,-3.76
8.6416e-03,-4,-4.64
8.6480e-03,-4.56,-3.84
8.6544e-03,-4.32,-4.4
8.6608e-03,-4.16,-3.92
8.6672e-03,-4.08,-4.48
8.6736e-03,-4.32,-3.92
8.6800e-03,-4.16,-4.48
8.6864e-03,-4.16,-4.08
8.6928e-03,-4.56,-4.72
8.6992e-03,-4.4,-4.32
8.7056e-03,-4.48,-4.64
8.7120e-03,-4.56,-4.24
8.7184e-03,-4.08,-4.64
8.7248e-03,-4.48,-4
8.7312e-03,-4.56,-4.8
8.7376e-03,-4.56,-4.08
8.7440e-03,-3.92,-4.24
8.7504e-03,-3.92,-3.76
8.7568e-03,-4.16,-4.64
8.7632e-03,-4.32,-4.08
8.7696e-03,-4.4,-4.56
8.7760e-03,-4.16,-4.08
8.7824e-03,-4.24,-4.4
8.7888e-03,-4,-3.68
8.7952e-03,-3.92,-4.64
8.8016e-03,-4.56,-3.68
8.8080e-03,-4.4,-4.56
8.8144e-03,-4,-3.84
8.8208e-03,-4,-4.4
8.8272e-03,-4.32,-3.84
8.8336e-03,-4.56,-4.8
8.8400e-03,-4.48,-4.16
8.8464e-03,-4.24,-4.32
8.8528e-03,-4.08,-4
8.8592e-03,-4.32,-4.88
8.8656e-03,-4.72,-4
8.8720e-03,-4.64,-4.96
8.8784e-03,-4.16,-4.08
8.8848e-03,-4.32,-4.72
8.8912e-03,-4.56,-4.16
8.8976e-03,-4.16,-4.4
8.9040e-03,-4.08,-4
8.9104e-03,-4.32,-4.64
8.9168e-03,-4.56,-4.08
8.9232e-03,-4.32,-18.16
8.9296e-03,-10.32,-4.08
8.9360e-03,-18.16,-18.16
8.9424e-03,-18.16,-18.16
8.9488e-03,-18.16,-18.16
8.9552e-03,-18.16,-18.16
8.9616e-03,2.16,-18.16
8.9680e-03,-3.12,2.16
8.9744e-03,-7.28,-10.64
8.9808e-03,-3.2,-3.04
8.9872e-03,-3.84,-5.04
8.9936e-03,-4.56,-3.6
9.0000e-03,-4.72,-4.96
9.0064e-03,-4.24,-4.16
9.0128e-03,-4.48,-4.72
9.0192e-03,-4.48,-4.24
9.0256e-03,-4.64,-4.72
9.0320e-03,-4.4,-4
9.0384e-03,-4.32,-4.72
9.0448e-03,-4.56,-4
9.0512e-03,-4.8,-5.36
9.0576e-03,-5.2,-4.64
9.0640e-03,-4.8,-5.04
9.0704e-03,-4.88,-4.72
9.0768e-03,-4.72,-5.12
9.0832e-03,-4.88,-4.48
9.0896e-03,-4.72,-5.04
9.0960e-03,-4.64,-4.48
9.1024e-03,-4.72,-4.96
9.1088e-03,-4.8,-4.48
9.1152e-03,-4.72,-4.88
9.1216e-03,-4.64,-4.4
9.1280e-03,-4.4,-4.88
9.1344e-03,-4.8,-4.32
9.1408e-03,-4.88,-5.12
9.1472e-03,-4.96,-4.72
9.1536e-03,-4.72,-5.04
9.1600e-03,-4.24,-4.16
9.1664e-03,-4.64,-5.12
9.1728e-03,-5.04,-4.24
9.1792e-03,-4.64,-4.8
9.1856e-03,-4.4,-4.32
9.1920e-03,-4.64,-4.88
9.1984e-03,-4.56,-4.24
9.2048e-03,-4.32,-4.88
9.2112e-03,-4.64,-4.16
9.2176e-03,-4.96,-5.04
9.2240e-03,-4.72,-4.64
9.2304e-03,-4.88,-5.04
9.2368e-03,-4.56,-4.4
9.2432e-03,-4.64,-4.96
9.2496e-03,-4.72,-4.4
9.2560e-03,-4.72,-5.12
9.2624e-03,-4.88,-4.56
9.2688e-03,-4.88,-5.04
9.2752e-03,-4.72,-4.64
9.2816e-03,-4.88,-4.96
9.2880e-03,-4.64,-4.48
9.2944e-03,-4.56,-5.04
9.3008e-03,-4.8,-4.48
9.3072e-03,-4.72,-4.96
9.3136e-03,-4.48,-4.24
9.3200e-03,-4.32,-4.56
9.3264e-03,-4.32,-4.16
9.3328e-03,-4.72,-5.2
9.3392e-03,-5.04,-4.4
9.3456e-03,-4.88,-5.04
9.3520e-03,-4.88,-4.64
9.3584e-03,-4.64,-4.8
9.3648e-03,-4.32,-4.16
9.3712e-03,-4.4,-5.28
9.3776e-03,-5.04,-4.16
9.3840e-03,-5.12,-5.28
9.3904e-03,-4.96,-4.88
9.3968e-03,-4.8,-5.2
9.4032e-03,-4.72,-4.4
9.4096e-03,-5.04,-5.12
9.4160e-03,-4.88,-4.64
9.4224e-03,-4.48,-4.96
9.4288e-03,-4.72,-4.32
9.4352e-03,-4.96,-5.12
9.4416e-03,-4.72,-4.64
9.4480e-03,-4.72,-4.88
9.4544e-03,-4.32,-3.92
9.4608e-03,-4.08,-5.04
9.4672e-03,-4.8,-3.92
9.4736e-03,-4.64,-4.88
9.4800e-03,-4.8,-4.48
9.4864e-03,-4.48,-4.88
9.4928e-03,-4.72,-4.4
9.4992e-03,-5.04,-5.12
9.5056e-03,-4.8,-4.48
9.5120e-03,-4.48,-4.8
9.5184e-03,-4.48,-4.32
9.5248e-03,-4.72,-5.28
9.5312e-03,-5.12,-4.56
9.5376e-03,-4.88,-5.12
9.5440e-03,-4.64,-4.48
9.5504e-03,-5.12,-5.2
9.5568e-03,-4.88,-4.72
9.5632e-03,-4.88,-4.96
9.5696e-03,-4.72,-4.64
9.5760e-03,-4.64,-4.8
9.5824e-03,-4.64,-4.48
9.5888e-03,-4.4,-4.72
9.5952e-03,-4.4,-4.32
9.6016e-03,-4.72,-4.8
9.6080e-03,-4.56,-4.4
9.6144e-03,-4.56,-4.8
9.6208e-03,-4.56,-4.32
9.6272e-03,-4.64,-5.04
9.6336e-03,-4.72,-4.48
9.6400e-03,-4.88,-5.04
9.6464e-03,-4.56,-4.4
9.6528e-03,-4.48,-4.72
9.6592e-03,-4.4,-4.32
9.6656e-03,-4.56,-4.88
9.6720e-03,-4.72,-4.4
9.6784e-03,-4.64,-4.72
9.6848e-03,-4.4,-4.32
9.6912e-03,-4.56,-5.12
9.6976e-03,-4.72,-4.4
9.7040e-03,-4.72,-5.12
9.7104e-03,-4.16,-3.92
9.7168e-03,-4.88,-5.04
9.7232e-03,-4.64,-4.48
9.7296e-03,-4.64,-4.88
9.7360e-03,-4.56,-4.24
9.7424e-03,-4.32,-4.88
9.7488e-03,-4.72,-4.24
9.7552e-03,-4.32,-4.64
9.7616e-03,-4.48,-4.08
9.7680e-03,-4.24,-4.72
9.7744e-03,-4.64,-4.08
9.7808e-03,-4.64,-4.72
9.7872e-03,-4,-3.76
9.7936e-03,-3.84,-4.4
9.8000e-03,-4.08,-3.76
9.8064e-03,-4.48,-4.8
9.8128e-03,-4.72,-4.24
9.8192e-03,-4.48,-4.72
9.8256e-03,-4.48,-4.32
9.8320e-03,-4.64,-4.8
9.8384e-03,-4.64,-4.48
9.8448e-03,-4.48,-4.64
9.8512e-03,-4.48,-4.32
9.8576e-03,-4.4,-4.8
9.8640e-03,-4.4,-4.24
9.8704e-03,-4.88,-4.96
9.8768e-03,-4.48,-4.4
9.8832e-03,-4.4,-4.64
9.8896e-03,-4.16,-4
9.8960e-03,-4.32,-4.88
9.9024e-03,-4.8,-4.08
9.9088e-03,-4.64,-4.72
9.9152e-03,-4.48,-4.32
9.9216e-03,-4.48,-4.72
9.9280e-03,-4.56,-4.32
9.9344e-03,-4.48,-4.64
9.9408e-03,-4.4,-4.24
9.9472e-03,-4.32,-4.56
9.9536e-03,-4.24,-4.08
9.9600e-03,-4,-4.72
9.9664e-03,-4.4,-3.92
9.9728e-03,-4.32,-4.56
9.9792e-03,-4.24,-4.08
9.9856e-03,-4.48,-4.96
9.9920e-03,-4.8,-4.16
9.9984e-03,-4.08,-4.4
1.0005e-02,-4,-3.76
1.0011e-02,-4.4,-4.48
1.0018e-02,-4.08,-4
1.0024e-02,-4.16,-4.48
1.0030e-02,-4.32,-4
1.0037e-02,-4.4,-4.64
1.0043e-02,-4.56,-4.24
1.0050e-02,-4.4,-4.72
1.0056e-02,-4.56,-4.24
1.0062e-02,-4.72,-4.96
1.0069e-02,-4.88,-4.56
1.0075e-02,-4.48,-4.88
1.0082e-02,-4.56,-4.4
1.0088e-02,-4.88,-4.96
1.0094e-02,-4.48,-4.32
1.0101e-02,-4.4,-4.48
1.0107e-02,-4.32,-4.08
1.0114e-02,-4.24,-4.64
1.0120e-02,-4.48,-4.16
1.0126e-02,-4.56,-4.8
1.0133e-02,-4.64,-4.48
1.0139e-02,-4.56,-4.72
1.0146e-02,-4.4,-4.32
1.0152e-02,-4.48,-4.72
1.0158e-02,-4.56,-4.32
1.0165e-02,-4.64,-4.8
1.0171e-02,-4.48,-4.32
1.0178e-02,-4.64,-5.04
1.0184e-02,-4.96,-4.4
1.0190e-02,-4.64,-4.8
1.0197e-02,-4.08,-3.92
1.0203e-02,-4.48,-4.88
1.0210e-02,-4.72,-4.24
1.0216e-02,-4.64,-4.8
1.0222e-02,-4.48,-4.32
1.0229e-02,-4.64,-4.72
1.0235e-02,-4.56,-4.48
1.0242e-02,-4.48,-4.72
1.0248e-02,-4.16,-3.92
1.0254e-02,-4.24,-4.64
1.0261e-02,-4.4,-4.08
1.0267e-02,-4.48,-4.64
1.0274e-02,-4.32,-4.16
1.0280e-02,-4.48,-4.64
1.0286e-02,-4.56,-4.24
1.0293e-02,-4.48,-4.64
1.0299e-02,-4.4,-4.24
1.0306e-02,-4.24,-4.48
1.0312e-02,-4.32,-4.08
1.0318e-02,-4.16,-4.4
1.0325e-02,-4.08,-3.92
1.0331e-02,-4.24,-4.64
1.0338e-02,-4.48,-4.08
1.0344e-02,-4.32,-4.72
1.0350e-02,-4.32,-4.08
1.0357e-02,-4.56,-4.72
1.0363e-02,-4.4,-4.24
1.0370e-02,-4.24,-4.72
1.0376e-02,-4.56,-4.16
1.0382e-02,-4.56,-4.8
1.0389e-02,-4.64,-4.4
1.0395e-02,-4.56,-4.72
1.0402e-02,-4.08,-3.92
1.0408e-02,-3.92,-4.4
1.0414e-02,-4.24,-3.76
1.0421e-02,-4.32,-4.48
1.0427e-02,-4.4,-4.24
1.0434e-02,-4.32,-4.8
1.0440e-02,-4.72,-4.24
1.0446e-02,-4.24,-4.56
1.0453e-02,-3.92,-3.76
1.0459e-02,-4,-4.32
1.0466e-02,-4.24,-3.84
1.0472e-02,-4.08,-4.32
1.0478e-02,-4.08,-4
1.0485e-02,-4.08,-4.4
1.0491e-02,-4,-3.92
1.0498e-02,-4.16,-4.64
1.0504e-02,-4.32,-4.08
1.0510e-02,-4.64,-4.8
1.0517e-02,-4.64,-4.48
1.0523e-02,-4.48,-4.72
1.0530e-02,-4.32,-4.24
1.0536e-02,-4.48,-4.72
1.0542e-02,-4.4,-4.32
1.0549e-02,-4.72,-4.96
1.0555e-02,-4.8,-4.48
1.0562e-02,-4.72,-4.96
1.0568e-02,-4.08,-4
1.0574e-02,-4.56,-4.8
1.0581e-02,-4.48,-4.24
1.0587e-02,-4.24,-4.48
1.0594e-02,-4,-3.84
1.0600e-02,-4,-4.32
1.0606e-02,-4.16,-3.92
1.0613e-02,-4.32,-4.64
1.0619e-02,-4.4,-4.16
1.0626e-02,-4.64,-4.72
1.0632e-02,-4.48,-4.32
1.0638e-02,-4.32,-4.48
1.0645e-02,-4,-3.84
1.0651e-02,-4.08,-4.32
1.0658e-02,-4.16,-3.92
1.0664e-02,-4.32,-4.64
1.0670e-02,-4.56,-4.16
1.0677e-02,-4.16,-4.48
1.0683e-02,-4.24,-4
1.0690e-02,-4.4,-4.48
1.0696e-02,-4.24,-4.08
1.0702e-02,-4.32,-4.72
1.0709e-02,-4.56,-4.16
1.0715e-02,-4.4,-4.64
1.0722e-02,-4.4,-4.16
1.0728e-02,-4.4,-4.56
1.0734e-02,-4.16,-4.08
1.0741e-02,-4.32,-4.96
1.0747e-02,-4.8,-4.16
1.0754e-02,-4.72,-4.96
1.0760e-02,-4.56,-4.32
1.0766e-02,-4.56,-4.64
1.0773e-02,-4.16,-4.08
1.0779e-02,-4.16,-4.64
1.0786e-02,-4.32,-4.08
1.0792e-02,-4.56,-4.64
1.0798e-02,-4.16,-3.92
1.0805e-02,-4,-4.56
1.0811e-02,-4.32,-3.84
1.0818e-02,-4.56,-4.64
1.0824e-02,-4.32,-4.08
1.0830e-02,-4.08,-4.48
1.0837e-02,-4.4,-4
1.0843e-02,-4.4,-4.72
1.0850e-02,-4.56,-4.32
1.0856e-02,-4.48,-5.04
1.0862e-02,-4.88,-4.4
1.0869e-02,-4.88,-5.04
1.0875e-02,-4.56,-4.4
1.0882e-02,-4.56,-4.64
1.0888e-02,-4.32,-4.24
1.0894e-02,-4.24,-4.8
1.0901e-02,-4.56,-4.08
1.0907e-02,-4.64,-4.8
1.0914e-02,-4.56,-4.48
1.0920e-02,-4.64,-4.88
1.0926e-02,-4,-3.92
1.0933e-02,-4.16,-4.48
1.0939e-02,-4.32,-4.08
1.0946e-02,-4.4,-4.56
1.0952e-02,-4.32,-4.08
1.0958e-02,-4.08,-4.4
1.0965e-02,-4.08,-3.92
1.0971e-02,-4.4,-4.56
1.0978e-02,-4.16,-4
1.0984e-02,-4.08,-4.16
1.0990e-02,-3.92,-3.76
1.0997e-02,-4.08,-4.4
1.1003e-02,-4.24,-3.92
1.1010e-02,-4.24,-4.56
1.1016e-02,-4.32,-4.08
1.1022e-02,-4.56,-4.64
1.1029e-02,-4.32,-4.16
1.1035e-02,-4.32,-4.56
1.1042e-02,-4.32,-4.16
1.1048e-02,-4.32,-4.48
1.1054e-02,-4.4,-4.16
1.1061e-02,-4,-4.64
1.1067e-02,-4.4,-3.92
1.1074e-02,-4.56,-4.64
1.1080e-02,-4.08,-3.92
1.1086e-02,-4.48,-4.72
1.1093e-02,-4.32,-4.16
1.1099e-02,-4.16,-4.4
1.1106e-02,-3.76,-3.68
1.1112e-02,-4.24,-4.64
1.1118e-02,-4.48,-3.92
1.1125e-02,-4.48,-4.64
1.1131e-02,-4.32,-4.24
1.1138e-02,-4.56,-4.72
1.1144e-02,-4.16,-3.76
1.1150e-02,-3.92,-4.64
1.1157e-02,-4.32,-3.76
1.1163e-02,-4.4,-4.56
1.1170e-02,-4.08,-3.84
1.1176e-02,-4,-4.64
1.1182e-02,-4.48,-3.76
1.1189e-02,-4.4,-4.64
1.1195e-02,-4.4,-4.24
1.1202e-02,-4.4,-4.72
1.1208e-02,-4.64,-4.32
1.1214e-02,-4.56,-4.64
1.1221e-02,-4.08,-4
1.1227e-02,-4.24,-4.32
1.1234e-02,-4.16,-4
1.1240e-02,-4.4,-4.56
1.1246e-02,-4.32,-4.08
1.1253e-02,-4.32,-4.48
1.1259e-02,-4.24,-4.08
1.1266e-02,-4.48,-4.56
1.1272e-02,-4.16,-4
1.1278e-02,-4,-4.16
1.1285e-02,-4,-3.84
1.1291e-02,-4.16,-4.48
1.1298e-02,-4.4,-4
1.1304e-02,-4.4,-4.48
1.1310e-02,-4.08,-4
1.1317e-02,-4.16,-4.4
1.1323e-02,-3.76,-3.68
1.1330e-02,-4.32,-4.96
1.1336e-02,-4.56,-4.08
1.1342e-02,-4.72,-4.96
1.1349e-02,-4.24,-4.16
1.1355e-02,-4.48,-4.64
1.1362e-02,-4.48,-4.24
1.1368e-02,-4.48,-4.64
1.1374e-02,-4.24,-4.16
1.1381e-02,-4.08,-4.56
1.1387e-02,-4.32,-3.92
1.1394e-02,-4.32,-4.56
1.1400e-02,-4.4,-4.16
1.1406e-02,-4.32,-4.4
1.1413e-02,-4.08,-4
1.1419e-02,-4.08,-4.4
1.1426e-02,-4.32,-3.92
1.1432e-02,-4.08,-4.56
1.1438e-02,-4.24,-3.92
1.1445e-02,-4.48,-4.56
1.1451e-02,-4.32,-4.24
1.1458e-02,-4.32,-4.48
1.1464e-02,-4.08,-3.76
1.1470e-02,-4,-4.56
1.1477e-02,-4.48,-3.76
1.1483e-02,-4.08,-4.32
1.1490e-02,-3.76,-3.6
1.1496e-02,-4.16,-4.56
1.1502e-02,-4.48,-4
1.1509e-02,-4.24,-4.56
1.1515e-02,-4.32,-4.08
1.1522e-02,-4.48,-4.56
1.1528e-02,-4.16,-4.08
1.1534e-02,-4.64,-4.96
1.1541e-02,-4.8,-4.32
1.1547e-02,-4.4,-4.88
1.1554e-02,-4,-3.92
1.1560e-02,-4.4,-4.64
1.1566e-02,-4.32,-4.08
1.1573e-02,-4.16,-4.64
1.1579e-02,-4.32,-4
1.1586e-02,-4.4,-4.64
1.1592e-02,-4.24,-4.08
1.1598e-02,-3.92,-4.56
1.1605e-02,-4.4,-3.84
1.1611e-02,-4.24,-4.4
1.1618e-02,-3.84,-3.44
1.1624e-02,-3.52,-4.4
1.1630e-02,-4,-3.36
1.1637e-02,-4.32,-4.64
1.1643e-02,-4.56,-4.24
1.1650e-02,-4.4,-4.56
1.1656e-02,-4.08,-3.84
1.1662e-02,-4.08,-4.48
1.1669e-02,-4.32,-3.84
1.1675e-02,-4.48,-4.56
1.1682e-02,-4.32,-4.08
1.1688e-02,-4.4,-4.8
1.1694e-02,-4.72,-4.08
1.1701e-02,-4.56,-4.72
1.1707e-02,-4.24,-4
1.1714e-02,-4.16,-4.48
1.1720e-02,-4.32,-4
1.1726e-02,-4.56,-4.72
1.1733e-02,-4.48,-4.32
1.1739e-02,-4.8,-4.96
1.1746e-02,-4.56,-4.4
1.1752e-02,-4.56,-4.64
1.1758e-02,-3.92,-3.44
1.1765e-02,-3.84,-4.32
1.1771e-02,-4.16,-3.52
1.1778e-02,-4.08,-4.56
1.1784e-02,-4.24,-4
1.1790e-02,-4.4,-4.56
1.1797e-02,-4.16,-4.08
1.1803e-02,-4.48,-4.64
1.1810e-02,-4.24,-4.08
1.1816e-02,-4.24,-4.4
1.1822e-02,-4.16,-4
1.1829e-02,-4.32,-4.64
1.1835e-02,-4.48,-4.16
1.1842e-02,-4.56,-4.8
1.1848e-02,-4.72,-4.4
1.1854e-02,-4.48,-4.64
1.1861e-02,-4.48,-4.32
1.1867e-02,-4.48,-4.8
1.1874e-02,-4.56,-4.4
1.1880e-02,-4.64,-4.8
1.1886e-02,-4.48,-4.32
1.1893e-02,-4.56,-4.72
1.1899e-02,-4.24,-4.16
1.1906e-02,-4.32,-4.4
1.1912e-02,-4,-3.84
1.1918e-02,-4.24,-4.64
1.1925e-02,-4.4,-3.92
1.1931e-02,-4.64,-4.72
1.1938e-02,-4.48,-4.32
1.1944e-02,-4.32,-4.4
1.1950e-02,-4.24,-4.08
1.1957e-02,-4.24,-4.4
1.1963e-02,-4.24,-4
1.1970e-02,-4.24,-4.56
1.1976e-02,-4.24,-4
1.1982e-02,-4.64,-4.88
1.1989e-02,-4.56,-4.16
1.1995e-02,-4.24,-4.32
1.2002e-02,-4.08,-3.84
1.2008e-02,-4.08,-4.48
1.2014e-02,-4.32,-3.92
1.2021e-02,-4.4,-4.56
1.2027e-02,-4.32,-4.16
1.2034e-02,-4.48,-4.64
1.2040e-02,-4.4,-4.32
1.2046e-02,-4.16,-4.48
1.2053e-02,-4,-3.84
1.2059e-02,-4.24,-4.4
1.2066e-02,-3.92,-3.76
1.2072e-02,-4.16,-4.64
1.2078e-02,-4.56,-3.84
1.2085e-02,-4.16,-4.48
1.2091e-02,-4.24,-4
1.2098e-02,-4.64,-4.72
1.2104e-02,-4.48,-4.16
1.2110e-02,-4.24,-4.56
1.2117e-02,-4.4,-4.16
1.2123e-02,-4.4,-4.72
1.2130e-02,-4.56,-4.24
1.2136e-02,-4.32,-4.56
1.2142e-02,-4,-3.76
1.2149e-02,-4,-4.4
1.2155e-02,-4.24,-3.84
1.2162e-02,-4.24,-4.32
1.2168e-02,-4.16,-4
1.2174e-02,-4.32,-4.8
1.2181e-02,-4.72,-4.16
1.2187e-02,-4.4,-4.72
1.2194e-02,-4.4,-4.08
1.2200e-02,-4.48,-4.56
1.2206e-02,-4.4,-4.24
1.2213e-02,-4.56,-4.8
1.2219e-02,-4.56,-4.48
1.2226e-02,-4.48,-4.72
1.2232e-02,-4.08,-4
1.2238e-02,-4.72,-4.8
1.2245e-02,-4.4,-4.24
1.2251e-02,-4.48,-4.64
1.2258e-02,-4.4,-4.08
1.2264e-02,-4.16,-4.32
1.2270e-02,-4.24,-3.92
1.2277e-02,-4.16,-4.32
1.2283e-02,-4.24,-4
1.2290e-02,-4.16,-4.4
1.2296e-02,-4.08,-3.92
1.2302e-02,-4.24,-4.56
1.2309e-02,-4.32,-4
1.2315e-02,-4,-4.16
1.2322e-02,-4,-3.84
1.2328e-02,-4.24,-4.48
1.2334e-02,-4.32,-4
1.2341e-02,-4,-4.56
1.2347e-02,-4.4,-3.92
1.2354e-02,-4.56,-4.72
1.2360e-02,-4.56,-4.4
1.2366e-02,-4.64,-4.72
1.2373e-02,-4.48,-4.32
1.2379e-02,-4.72,-4.88
1.2386e-02,-4.16,-3.84
1.2392e-02,-4.08,-4.56
1.2398e-02,-4.4,-3.84
1.2405e-02,-4.32,-4.56
1.2411e-02,-4.32,-4.16
1.2418e-02,-4.4,-4.48
1.2424e-02,-4.32,-4.08
1.2430e-02,-4.16,-4.64
1.2437e-02,-4.48,-4.08
1.2443e-02,-4.16,-4.4
1.2450e-02,-4.16,-4
1.2456e-02,-4.16,-4.56
1.2462e-02,-4.4,-4
1.2469e-02,-4.32,-4.56
1.2475e-02,-4.24,-4.08
1.2482e-02,-4.48,-4.64
1.2488e-02,-4.4,-4.16
1.2494e-02,-4.4,-4.56
1.2501e-02,-4.4,-4.16
1.2507e-02,-4.24,-4.4
1.2514e-02,-4.08,-4
1.2520e-02,-4.4,-4.64
1.2526e-02,-4.24,-3.92
1.2533e-02,-4.08,-4.4
1.2539e-02,-4.16,-3.92
1.2546e-02,-4.32,-4.4
1.2552e-02,-4.08,-3.84
1.2558e-02,-4.16,-4.56
1.2565e-02,-4.32,-3.92
1.2571e-02,-4.4,-4.64
1.2578e-02,-3.92,-3.84
1.2584e-02,-4.16,-4.64
1.2590e-02,-4.56,-3.92
1.2597e-02,-4.08,-4.56
1.2603e-02,-4.24,-4
1.2610e-02,-4.64,-4.8
1.2616e-02,-4.56,-4.4
1.2622e-02,-4.4,-4.64
1.2629e-02,-4.08,-3.92
1.2635e-02,-4.56,-4.64
1.2642e-02,-4.24,-4.08
1.2648e-02,-3.92,-4.32
1.2654e-02,-4.16,-3.76
1.2661e-02,-4.32,-4.48
1.2667e-02,-4.16,-4
1.2674e-02,-4.48,-4.96
1.2680e-02,-4.72,-4.32
1.2686e-02,-4.64,-4.88
1.2693e-02,-4.08,-4
1.2699e-02,-4.16,-4.64
1.2706e-02,-4.32,-4
1.2712e-02,-4.64,-4.72
1.2718e-02,-4.24,-4.08
1.2725e-02,-4.64,-4.8
1.2731e-02,-4.16,-4
1.2738e-02,-4.32,-4.72
1.2744e-02,-4.56,-4.08
1.2750e-02,-4,-4.4
1.2757e-02,-4.08,-3.92
1.2763e-02,-4.24,-4.56
1.2770e-02,-4.4,-3.92
1.2776e-02,-3.84,-4.32
1.2782e-02,-4.16,-3.76
1.2789e-02,-4.08,-4.24
1.2795e-02,-4.16,-3.92
1.2802e-02,-3.92,-4.56
1.2808e-02,-4.24,-3.84
1.2814e-02,-4.48,-4.64
1.2821e-02,-4.48,-4.32
1.2827e-02,-4.24,-4.48
1.2834e-02,-4.08,-4
1.2840e-02,-4.24,-4.64
1.2846e-02,-4.48,-4.16
1.2853e-02,-4.32,-4.48
1.2859e-02,-4.08,-4
1.2866e-02,-4.08,-4.4
1.2872e-02,-4.16,-3.92
1.2878e-02,-4.08,-4.32
1.2885e-02,-4.08,-3.92
1.2891e-02,-4.24,-4.4
1.2898e-02,-4.24,-4.08
1.2904e-02,-4.16,-4.48
1.2910e-02,-4.4,-4.08
1.2917e-02,-4.32,-4.4
1.2923e-02,-4.08,-3.92
1.2930e-02,-4,-4.08
1.2936e-02,-4,-3.84
1.2942e-02,-4,-4.56
1.2949e-02,-4.4,-3.84
1.2955e-02,-4.32,-4.4
1.2962e-02,-4.24,-4.08
1.2968e-02,-3.92,-4.56
1.2974e-02,-4.08,-3.76
1.2981e-02,-4.48,-4.64
1.2987e-02,-4.48,-4.24
1.2994e-02,-4.24,-4.4
1.3000e-02,-4.32,-4.08
1.3006e-02,-4.4,-4.64
1.3013e-02,-4.4,-4.16
1.3019e-02,-4.4,-4.64
1.3026e-02,-4.4,-4.24
1.3032e-02,-4.16,-4.64
1.3038e-02,-4.16,-4
1.3045e-02,-4.72,-4.96
1.3051e-02,-4.72,-4.48
1.3058e-02,-4.56,-4.72
1.3064e-02,-4.48,-4.24
1.3070e-02,-4.4,-4.48
1.3077e-02,-4,-3.92
1.3083e-02,-4.08,-4.32
1.3090e-02,-4.08,-4
1.3096e-02,-4.08,-4.24
1.3102e-02,-3.92,-3.84
1.3109e-02,-4.16,-4.32
1.3115e-02,-4.24,-4
1.3122e-02,-4.16,-4.32
1.3128e-02,-4.08,-3.84
1.3134e-02,-4.08,-4.64
1.3141e-02,-4.4,-3.92
1.3147e-02,-4.4,-4.56
1.3154e-02,-3.92,-3.76
1.3160e-02,-4.24,-4.56
1.3166e-02,-4.4,-3.92
1.3173e-02,-4.24,-4.48
1.3179e-02,-4.16,-3.92
1.3186e-02,-4.4,-4.64
1.3192e-02,-4.56,-4.08
1.3198e-02,-4.24,-4.48
1.3205e-02,-4.16,-4
1.3211e-02,-4.56,-4.72
1.3218e-02,-4,-3.92
1.3224e-02,-4.08,-4.24
1.3230e-02,-4.08,-3.92
1.3237e-02,-4.08,-4.32
1.3243e-02,-4.24,-4
1.3250e-02,-4,-4.48
1.3256e-02,-4.32,-3.84
1.3262e-02,-4.48,-4.56
1.3269e-02,-4.08,-3.92
1.3275e-02,-4.32,-4.48
1.3282e-02,-4.24,-4
1.3288e-02,-4.24,-4.64
1.3294e-02,-4.56,-4
1.3301e-02,-4.32,-4.64
1.3307e-02,-4.4,-4.16
1.3314e-02,-4.24,-4.64
1.3320e-02,-4.24,-3.92
1.3326e-02,-4.64,-4.72
1.3333e-02,-4.48,-4.4
1.3339e-02,-4.4,-4.64
1.3346e-02,-4.56,-4.24
1.3352e-02,-4.48,-4.64
1.3358e-02,-4.48,-4.16
1.3365e-02,-4,-4.48
1.3371e-02,-4.24,-3.84
1.3378e-02,-4.4,-4.48
1.3384e-02,-4.24,-4.08
1.3390e-02,-4.24,-4.32
1.3397e-02,-4.16,-4
1.3403e-02,-4,-4.48
1.3410e-02,-4.24,-3.92
1.3416e-02,-4.32,-4.72
1.3422e-02,-4.4,-4.08
1.3429e-02,-4.48,-4.64
1.3435e-02,-3.84,-3.68
1.3442e-02,-4.08,-4.64
1.3448e-02,-4.48,-3.84
1.3454e-02,-4.24,-4.48
1.3461e-02,-3.92,-3.84
1.3467e-02,-4.08,-4.4
1.3474e-02,-4.24,-3.84
1.3480e-02,-4.24,-4.4
1.3486e-02,-4.16,-3.92
1.3493e-02,-4,-4.16
1.3499e-02,-4.08,-3.84
1.3506e-02,-4.24,-4.56
1.3512e-02,-4.48,-4
1.3518e-02,-4.32,-4.72
1.3525e-02,-4.64,-4.08
1.3531e-02,-4.56,-4.72
1.3538e-02,-4.4,-4.16
1.3544e-02,-4.24,-4.4
1.3550e-02,-4.32,-4.08
1.3557e-02,-3.92,-4.32
1.3563e-02,-4.16,-3.76
1.3570e-02,-4.08,-4.4
1.3576e-02,-4.16,-4
1.3582e-02,-4.16,-4.4
1.3589e-02,-4.16,-3.92
1.3595e-02,-4.48,-4.64
1.3602e-02,-4.48,-4.32
1.3608e-02,-4.32,-4.56
1.3614e-02,-3.76,-3.68
1.3621e-02,-4.16,-4.32
1.3627e-02,-4.08,-3.76
1.3634e-02,-4.16,-4.8
1.3640e-02,-4.32,-3.76
1.3646e-02,-4.64,-4.8
1.3653e-02,-4.64,-4.4
1.3659e-02,-4.48,-4.8
1.3666e-02,-4.32,-4.08
1.3672e-02,-4.8,-4.88
1.3678e-02,-4.48,-4.4
1.3685e-02,-4.48,-4.72
1.3691e-02,-4.64,-4.32
1.3698e-02,-4.4,-4.72
1.3704e-02,-4.24,-4
1.3710e-02,-4.64,-4.8
1.3717e-02,-4.16,-4.08
1.3723e-02,-4.32,-4.72
1.3730e-02,-4.56,-4
1.3736e-02,-4.24,-4.4
1.3742e-02,-4.16,-4
1.3749e-02,-4.32,-4.48
1.3755e-02,-4.4,-4.16
1.3762e-02,-4.4,-4.48
1.3768e-02,-4.08,-3.84
1.3774e-02,-3.68,-4.32
1.3781e-02,-4,-3.6
1.3787e-02,-4.32,-4.56
1.3794e-02,-4.4,-4.16
1.3800e-02,-4.4,-4.56
1.3806e-02,-4.4,-4.16
1.3813e-02,-4.08,-4.72
1.3819e-02,-4.4,-4
1.3826e-02,-4.56,-4.72
1.3832e-02,-4.4,-4.08
1.3838e-02,-4.16,-4.48
1.3845e-02,-4.4,-4
1.3851e-02,-4.4,-4.56
1.3858e-02,-4.32,-4.16
1.3864e-02,-4.48,-4.56
1.3870e-02,-4.4,-4.24
1.3877e-02,-4.4,-4.48
1.3883e-02,-4.24,-4.08
1.3890e-02,-4.4,-4.48
1.3896e-02,-4.08,-3.92
1.3902e-02,-4.08,-4.24
1.3909e-02,-4.16,-3.92
1.3915e-02,-4.24,-4.4
1.3922e-02,-4.24,-4
1.3928e-02,-4.16,-4.32
1.3934e-02,-4.16,-3.92
1.3941e-02,-4.08,-4.4
1.3947e-02,-4.24,-4
1.3954e-02,-3.92,-4.48
1.3960e-02,-4.24,-3.84
1.3966e-02,-4.56,-4.64
1.3973e-02,-4.32,-4
1.3979e-02,-4.08,-4.24
1.3986e-02,-4,-3.92
1.3992e-02,-4.4,-4.48
1.3998e-02,-4.24,-4.16
1.4005e-02,-4.48,-4.56
1.4011e-02,-4.24,-4.16
1.4018e-02,-4.4,-4.72
1.4024e-02,-4.56,-4.24
1.4030e-02,-4.64,-4.8
1.4037e-02,-4.4,-4.24
1.4043e-02,-4.4,-4.48
1.4050e-02,-4,-3.92
1.4056e-02,-4.56,-4.64
1.4062e-02,-4.24,-3.92
1.4069e-02,-4,-4.24
1.4075e-02,-4.16,-3.92
1.4082e-02,-3.84,-4.4
1.4088e-02,-4,-3.76
1.4094e-02,-4.24,-4.4
1.4101e-02,-4.08,-4
1.4107e-02,-4,-4.4
1.4114e-02,-4.16,-3.92
1.4120e-02,-4.4,-4.56
1.4126e-02,-4.24,-4.16
1.4133e-02,-4.48,-4.56
1.4139e-02,-4.4,-4.24
1.4146e-02,-4.56,-4.72
1.4152e-02,-4.48,-4.16
1.4158e-02,-4.08,-4.48
1.4165e-02,-4.32,-4
1.4171e-02,-4,-4.4
1.4178e-02,-4.24,-3.92
1.4184e-02,-4.32,-4.64
1.4190e-02,-4.48,-4.16
1.4197e-02,-4.48,-4.56
1.4203e-02,-4.32,-4.16
1.4210e-02,-4.24,-4.48
1.4216e-02,-4.16,-4.08
1.4222e-02,-4.16,-4.32
1.4229e-02,-4.08,-4
1.4235e-02,-4.08,-4.48
1.4242e-02,-4.32,-4
1.4248e-02,-4.08,-4.48
1.4254e-02,-4.32,-4
1.4261e-02,-4.56,-4.64
1.4267e-02,-4.08,-3.92
1.4274e-02,-4.16,-4.4
1.4280e-02,-4.16,-4
1.4286e-02,-4.48,-4.72
1.4293e-02,-4.32,-3.92
1.4299e-02,-4.08,-4.72
1.4306e-02,-4.64,-3.84
1.4312e-02,-4.4,-4.64
1.4318e-02,-4.08,-4
1.4325e-02,-4.4,-4.72
1.4331e-02,-4.64,-4.16
1.4338e-02,-4.4,-4.56
1.4344e-02,-4.32,-4.16
1.4350e-02,-4.32,-4.4
1.4357e-02,-4.32,-4.16
1.4363e-02,-4.08,-4.32
1.4370e-02,-4.08,-3.84
1.4376e-02,-4,-4.64
1.4382e-02,-4.48,-3.84
1.4389e-02,-4.32,-4.56
1.4395e-02,-4.16,-4
1.4402e-02,-4.08,-4.4
1.4408e-02,-4,-3.84
1.4414e-02,-4.56,-4.8
1.4421e-02,-4.32,-3.84
1.4427e-02,-3.84,-4.48
1.4434e-02,-4.32,-3.68
1.4440e-02,-4.4,-4.56
1.4446e-02,-4.16,-3.92
1.4453e-02,-3.92,-4.4
1.4459e-02,-4.16,-3.84
1.4466e-02,-4.4,-4.56
1.4472e-02,-4.32,-4.16
1.4478e-02,-4.4,-4.56
1.4485e-02,-4.08,-4
1.4491e-02,-4.64,-4.96
1.4498e-02,-4.48,-4.16
1.4504e-02,-4.32,-4.48
1.4510e-02,-4.16,-4.08
1.4517e-02,-4.32,-4.64
1.4523e-02,-4.56,-4.16
1.4530e-02,-4.4,-4.64
1.4536e-02,-4.24,-3.92
1.4542e-02,-4,-4.08
1.4549e-02,-3.92,-3.6
1.4555e-02,-3.76,-4.32
1.4562e-02,-4.16,-3.68
1.4568e-02,-4.16,-4.32
1.4574e-02,-4,-3.92
1.4581e-02,-3.92,-4.32
1.4587e-02,-4.24,-3.84
1.4594e-02,-3.92,-4.32
1.4600e-02,-4.08,-3.84
1.4606e-02,-4.24,-4.48
1.4613e-02,-4.4,-4.16
1.4619e-02,-4.24,-4.72
1.4626e-02,-4.48,-4.16
1.4632e-02,-4.4,-4.72
1.4638e-02,-4.24,-4.08
1.4645e-02,-4.56,-4.72
1.4651e-02,-4,-3.92
1.4658e-02,-4.24,-4.72
1.4664e-02,-4.64,-3.92
1.4670e-02,-4.16,-4.4
1.4677e-02,-4.24,-4.08
1.4683e-02,-4.32,-4.88
1.4690e-02,-4.72,-4.08
1.4696e-02,-4.16,-4.56
1.4702e-02,-4.16,-3.92
1.4709e-02,-3.92,-4.24
1.4715e-02,-4,-3.76
1.4722e-02,-4,-4.48
1.4728e-02,-3.92,-3.68
1.4734e-02,-4.56,-4.64
1.4741e-02,-4.24,-4.08
1.4747e-02,-4.24,-4.56
1.4754e-02,-4.4,-4.16
1.4760e-02,-4.56,-4.64
1.4766e-02,-4.4,-4.08
1.4773e-02,-4.16,-4.72
1.4779e-02,-4.4,-4.08
1.4786e-02,-4.24,-4.64
1.4792e-02,-4.24,-4.08
1.4798e-02,-4.08,-4.4
1.4805e-02,-4.16,-3.92
1.4811e-02,-4.32,-4.56
1.4818e-02,-4.32,-4.16
1.4824e-02,-4.56,-4.64
1.4830e-02,-4.4,-4.32
1.4837e-02,-4.4,-4.72
1.4843e-02,-4.32,-4.08
1.4850e-02,-4.72,-4.8
1.4856e-02,-4.32,-3.92
1.4862e-02,-4,-4.48
1.4869e-02,-4.32,-3.92
1.4875e-02,-4.4,-4.64
1.4882e-02,-4.48,-4.24
1.4888e-02,-4.16,-4.4
1.4894e-02,-4.32,-4
1.4901e-02,-4.08,-4.24
1.4907e-02,-4.08,-3.92
1.4914e-02,-4.16,-4.4
1.4920e-02,-4.16,-4
1.4926e-02,-4.08,-4.4
1.4933e-02,-3.92,-3.76
1.4939e-02,-4.56,-4.72
1.4946e-02,-4.48,-4.24
1.4952e-02,-4.4,-4.72
1.4958e-02,-4.4,-4.32
1.4965e-02,-4.64,-4.72
1.4971e-02,-4.48,-4.32
1.4978e-02,-4.24,-4.56
1.4984e-02,-4,-3.84
1.4990e-02,-4,-4.24
1.4997e-02,-4.16,-3.92
1.5003e-02,-4,-4.4
1.5010e-02,-4.08,-3.92
1.5016e-02,-4.32,-4.64
1.5022e-02,-4.56,-4.24
1.5029e-02,-4.32,-4.48
1.5035e-02,-4.08,-3.92
1.5042e-02,-4.16,-4.56
1.5048e-02,-4.4,-4
1.5054e-02,-3.92,-4.4
1.5061e-02,-4.16,-3.76
1.5067e-02,-4.4,-4.48
1.5074e-02,-4.08,-3.92
1.5080e-02,-4.24,-4.64
1.5086e-02,-4.56,-4.08
1.5093e-02,-4.32,-4.48
1.5099e-02,-4,-3.92
1.5106e-02,-4.16,-4.48
1.5112e-02,-4.32,-4
1.5118e-02,-4.4,-4.48
1.5125e-02,-4.16,-4
1.5131e-02,-4.24,-4.56
1.5138e-02,-4.4,-4.08
1.5144e-02,-4.16,-4.48
1.5150e-02,-4.16,-3.92
1.5157e-02,-4.24,-4.8
1.5163e-02,-4.64,-3.92
1.5170e-02,-4.32,-4.64
1.5176e-02,-4.08,-3.84
1.5182e-02,-4.4,-4.48
1.5189e-02,-4.32,-3.84
1.5195e-02,-4.08,-4.72
1.5202e-02,-4.56,-3.84
1.5208e-02,-4.72,-4.8
1.5214e-02,-4.4,-4.24
1.5221e-02,-4.32,-4.48
1.5227e-02,-4.16,-4
1.5234e-02,-3.92,-4.16
1.5240e-02,-3.68,-3.6
1.5246e-02,-3.68,-4.48
1.5253e-02,-4.32,-3.6
1.5259e-02,-4,-4.32
1.5266e-02,-4.08,-3.92
1.5272e-02,-4.32,-4.48
1.5278e-02,-4.32,-4.16
1.5285e-02,-4.24,-4.48
1.5291e-02,-4.24,-4.08
1.5298e-02,-4.32,-4.64
1.5304e-02,-4.48,-4.24
1.5310e-02,-4.56,-4.64
1.5317e-02,-4.24,-4.08
1.5323e-02,-4.24,-4.64
1.5330e-02,-4.48,-4.08
1.5336e-02,-4.16,-4.72
1.5342e-02,-4.64,-4.08
1.5349e-02,-4.56,-4.64
1.5355e-02,-4.32,-4.16
1.5362e-02,-4.64,-4.72
1.5368e-02,-4.16,-4.08
1.5374e-02,-4.24,-4.56
1.5381e-02,-4.24,-4.08
1.5387e-02,-4.56,-4.72
1.5394e-02,-4.08,-4
1.5400e-02,-4.56,-4.72
1.5406e-02,-4.32,-4.16
1.5413e-02,-4.48,-4.64
1.5419e-02,-4.32,-4.24
1.5426e-02,-4.32,-4.56
1.5432e-02,-4.32,-4.16
1.5438e-02,-4.24,-4.8
1.5445e-02,-4.4,-4.16
1.5451e-02,-4.96,-5.12
1.5458e-02,-4.56,-4.32
1.5464e-02,-4.24,-4.48
1.5470e-02,-3.92,-3.76
1.5477e-02,-4.16,-4.4
1.5483e-02,-4.24,-4
1.5490e-02,-4.48,-4.8
1.5496e-02,-4.4,-4.08
1.5502e-02,-4.08,-4.24
1.5509e-02,-4.16,-4
1.5515e-02,-4.16,-4.64
1.5522e-02,-4.48,-4
1.5528e-02,-4.24,-4.56
1.5534e-02,-4.08,-4
1.5541e-02,-4.32,-4.48
1.5547e-02,-4.32,-4
1.5554e-02,-3.92,-4.48
1.5560e-02,-4.24,-3.76
1.5566e-02,-4.16,-4.4
1.5573e-02,-4.32,-4
1.5579e-02,-4.4,-4.56
1.5586e-02,-4.32,-4
1.5592e-02,-3.84,-4.32
1.5598e-02,-3.84,-3.68
1.5605e-02,-4.4,-4.64
1.5611e-02,-4.4,-4.16
1.5618e-02,-4.24,-4.4
1.5624e-02,-4.16,-4.08
1.5630e-02,-4.32,-4.4
1.5637e-02,-4,-3.92
1.5643e-02,-4.16,-4.48
1.5650e-02,-4.32,-4
1.5656e-02,-4.08,-4.48
1.5662e-02,-4.24,-4
1.5669e-02,-4.48,-4.8
1.5675e-02,-4.64,-4.24
1.5682e-02,-4.32,-4.64
1.5688e-02,-4.4,-4.24
1.5694e-02,-4.48,-4.8
1.5701e-02,-4.56,-4.16
1.5707e-02,-4.16,-4.64
1.5714e-02,-4.4,-4.08
1.5720e-02,-4.56,-4.64
1.5726e-02,-4.48,-4.32
1.5733e-02,-4.4,-4.64
1.5739e-02,-4.56,-4.16
1.5746e-02,-4,-4.4
1.5752e-02,-4.24,-3.76
1.5758e-02,-4.16,-4.56
1.5765e-02,-4.08,-3.92
1.5771e-02,-4.4,-4.56
1.5778e-02,-4.32,-4.16
1.5784e-02,-4.32,-4.4
1.5790e-02,-4.32,-4.16
1.5797e-02,-4.4,-4.64
1.5803e-02,-4.56,-4.24
1.5810e-02,-4.32,-4.56
1.5816e-02,-4.24,-4.08
1.5822e-02,-4.56,-4.96
1.5829e-02,-4.8,-4.4
1.5835e-02,-4.56,-4.88
1.5842e-02,-4.48,-4.32
1.5848e-02,-4.64,-4.8
1.5854e-02,-4.4,-4.24
1.5861e-02,-4.32,-4.64
1.5867e-02,-4.48,-4.16
1.5874e-02,-4.24,-4.72
1.5880e-02,-4.48,-4.08
1.5886e-02,-4.48,-4.72
1.5893e-02,-4.08,-4
1.5899e-02,-4.32,-4.48
1.5906e-02,-3.92,-3.84
1.5912e-02,-4.24,-4.48
1.5918e-02,-4.32,-4
1.5925e-02,-4.08,-4.64
1.5931e-02,-4.32,-4
1.5938e-02,-4.48,-4.64
1.5944e-02,-4.4,-3.92
1.5950e-02,-4,-4.48
1.5957e-02,-4.16,-3.84
1.5963e-02,-4.48,-4.64
1.5970e-02,-3.92,-3.76
1.5976e-02,-4,-4.4
1.5982e-02,-4.16,-3.84
1.5989e-02,-4.4,-4.64
1.5995e-02,-4.24,-4
1.6002e-02,-4.16,-4.56
1.6008e-02,-4.4,-4.08
1.6014e-02,-4.32,-4.48
1.6021e-02,-4.16,-4
1.6027e-02,-4.16,-4.64
1.6034e-02,-4.48,-4.08
1.6040e-02,-4.48,-4.64
1.6046e-02,-3.84,-3.76
1.6053e-02,-4.08,-4.48
1.6059e-02,-4.4,-3.92
1.6066e-02,-4,-4.24
1.6072e-02,-3.92,-3.76
1.6078e-02,-4.08,-4.4
1.6085e-02,-4.24,-4
1.6091e-02,-4.4,-4.48
1.6098e-02,-4.32,-4.08
1.6104e-02,-4,-4.72
1.6110e-02,-4.4,-3.92
1.6117e-02,-4.56,-4.72
1.6123e-02,-4.48,-4.24
1.6130e-02,-4.16,-4.48
1.6136e-02,-4.4,-4.08
1.6142e-02,-4.32,-4.56
1.6149e-02,-4.48,-4.24
1.6155e-02,-4.24,-4.48
1.6162e-02,-4.08,-4
1.6168e-02,-4.08,-4.48
1.6174e-02,-4.24,-3.92
1.6181e-02,-4.32,-4.48
1.6187e-02,-4.24,-4
1.6194e-02,-4.16,-4.4
1.6200e-02,-4.32,-4.08
1.6206e-02,-4.32,-4.4
1.6213e-02,-3.92,-3.76
1.6219e-02,-4.16,-4.56
1.6226e-02,-4.4,-3.92
1.6232e-02,-4.48,-4.64
1.6238e-02,-3.84,-3.76
1.6245e-02,-4.16,-4.64
1.6251e-02,-4.48,-3.92
1.6258e-02,-4.4,-4.64
1.6264e-02,-4.16,-4
1.6270e-02,-4.16,-4.4
1.6277e-02,-4.32,-4
1.6283e-02,-4.08,-4.48
1.6290e-02,-4.24,-4
1.6296e-02,-4.24,-4.72
1.6302e-02,-4.48,-4.16
1.6309e-02,-4.64,-4.72
1.6315e-02,-4.16,-4
1.6322e-02,-4.32,-4.48
1.6328e-02,-4.16,-3.84
1.6334e-02,-4,-4.88
1.6341e-02,-4.72,-3.84
1.6347e-02,-4.56,-4.88
1.6354e-02,-4.16,-4.08
1.6360e-02,-4.24,-4.4
1.6366e-02,-4.08,-4
1.6373e-02,-4.24,-4.4
1.6379e-02,-4.32,-4.08
1.6386e-02,-4,-4.32
1.6392e-02,-4.08,-3.76
1.6398e-02,-4.08,-4.48
1.6405e-02,-4.32,-3.92
1.6411e-02,-4.4,-4.56
1.6418e-02,-4.08,-4
1.6424e-02,-4.16,-4.24
1.6430e-02,-4.08,-4
1.6437e-02,-4,-4.32
1.6443e-02,-4.08,-3.84
1.6450e-02,-4.24,-4.4
1.6456e-02,-4.24,-4.16
1.6462e-02,-4.32,-4.48
1.6469e-02,-4.4,-4.16
1.6475e-02,-4.32,-4.56
1.6482e-02,-4.4,-4.16
1.6488e-02,-4.24,-4.4
1.6494e-02,-4.32,-4.08
1.6501e-02,-4.32,-4.72
1.6507e-02,-4.48,-4.08
1.6514e-02,-4.48,-4.72
1.6520e-02,-4.48,-4.32
1.6526e-02,-4.48,-4.8
1.6533e-02,-4.72,-4.32
1.6539e-02,-4.72,-4.88
1.6546e-02,-4.32,-4.24
1.6552e-02,-4.72,-4.88
1.6558e-02,-4.4,-4.16
1.6565e-02,-4.08,-4.4
1.6571e-02,-4.32,-4
1.6578e-02,-4.16,-4.64
1.6584e-02,-4.48,-4.08
1.6590e-02,-4.08,-4.4
1.6597e-02,-4,-3.76
1.6603e-02,-4.4,-4.64
1.6610e-02,-4.32,-4.16
1.6616e-02,-4.24,-4.4
1.6622e-02,-4.16,-4.08
1.6629e-02,-4.32,-4.72
1.6635e-02,-4.64,-4.16
1.6642e-02,-4.56,-4.64
1.6648e-02,-4.4,-4.16
1.6654e-02,-4.16,-4.72
1.6661e-02,-4.64,-4.08
1.6667e-02,-4.48,-4.64
1.6674e-02,-4.32,-4.16
1.6680e-02,-4.16,-4.4
1.6686e-02,-4.08,-3.92
1.6693e-02,-4.16,-4.72
1.6699e-02,-4.64,-4
1.6706e-02,-4.08,-4.4
1.6712e-02,-3.92,-3.76
1.6718e-02,-4.08,-4.32
1.6725e-02,-4.16,-3.92
1.6731e-02,-4.32,-4.4
1.6738e-02,-4.16,-3.92
1.6744e-02,-4,-4.16
1.6750e-02,-4.08,-3.92
1.6757e-02,-3.92,-4.48
1.6763e-02,-4.4,-3.84
1.6770e-02,-4,-4.24
1.6776e-02,-3.84,-3.68
1.6782e-02,-4,-4.96
1.6789e-02,-4.72,-3.76
1.6795e-02,-4.56,-4.8
1.6802e-02,-4.32,-4.16
1.6808e-02,-4.48,-4.56
1.6814e-02,-4.08,-4
1.6821e-02,-4.32,-4.48
1.6827e-02,-4.24,-4
1.6834e-02,-4,-4.4
1.6840e-02,-4.16,-3.92
1.6846e-02,-4.32,-4.48
1.6853e-02,-4.32,-4.16
1.6859e-02,-4.4,-4.56
1.6866e-02,-4.48,-4.16
1.6872e-02,-4.32,-4.56
1.6878e-02,-4.08,-3.92
1.6885e-02,-4.16,-4.4
1.6891e-02,-4.16,-4.08
1.6898e-02,-4.4,-4.56
1.6904e-02,-4.4,-4.24
1.6910e-02,-4.4,-4.56
1.6917e-02,-4.16,-4.08
1.6923e-02,-4.16,-4.48
1.6930e-02,-3.84,-3.76
1.6936e-02,-4.4,-4.64
1.6942e-02,-4.4,-4.16
1.6949e-02,-4.24,-4.4
1.6955e-02,-4.24,-4.08
1.6962e-02,-4.32,-4.56
1.6968e-02,-4.4,-4.08
1.6974e-02,-4,-4.24
1.6981e-02,-4.08,-3.92
1.6987e-02,-4.24,-4.88
1.6994e-02,-4.72,-4.08
1.7000e-02,-4.56,-4.88
1.7006e-02,-4.32,-4.24
1.7013e-02,-4.4,-4.64
1.7019e-02,-4.48,-4.24
1.7026e-02,-4.32,-4.72
1.7032e-02,-4.64,-4.16
1.7038e-02,-4.32,-4.48
1.7045e-02,-4,-3.84
1.7051e-02,-4.24,-4.4
1.7058e-02,-4,-3.92
1.7064e-02,-4.16,-4.24
1.7070e-02,-3.92,-3.68
1.7077e-02,-3.92,-4.4
1.7083e-02,-4.32,-3.68
1.7090e-02,-4,-4.4
1.7096e-02,-4.16,-3.84
1.7102e-02,-4.24,-4.4
1.7109e-02,-4.24,-3.92
1.7115e-02,-4,-4.64
1.7122e-02,-4.16,-3.84
1.7128e-02,-4.64,-4.8
1.7134e-02,-4.72,-4.48
1.7141e-02,-4.56,-4.64
1.7147e-02,-4.48,-4.24
1.7154e-02,-4.48,-4.64
1.7160e-02,-4,-3.92
1.7166e-02,-4.16,-4.32
1.7173e-02,-4.16,-3.92
1.7179e-02,-3.92,-4.64
1.7186e-02,-4.48,-3.92
1.7192e-02,-3.84,-4.32
1.7198e-02,-4,-3.52
1.7205e-02,-4.16,-4.32
1.7211e-02,-3.84,-3.76
1.7218e-02,-3.92,-4.56
1.7224e-02,-4.24,-3.76
1.7230e-02,-4.4,-4.56
1.7237e-02,-3.92,-3.84
1.7243e-02,-4.08,-4.16
1.7250e-02,-3.76,-3.6
1.7256e-02,-4.08,-4.4
1.7262e-02,-4.24,-3.68
1.7269e-02,-4.16,-4.24
1.7275e-02,-4,-3.92
1.7282e-02,-4.08,-4.72
1.7288e-02,-4.56,-4
1.7294e-02,-4.24,-4.48
1.7301e-02,-4.24,-4.16
1.7307e-02,-4.32,-4.64
1.7314e-02,-4.56,-4.16
1.7320e-02,-4.4,-4.56
1.7326e-02,-4.24,-4.08
1.7333e-02,-4.56,-4.8
1.7339e-02,-4.64,-4.32
1.7346e-02,-4.48,-4.72
1.7352e-02,-4.24,-4.16
1.7358e-02,-4.64,-4.72
1.7365e-02,-4.48,-4.32
1.7371e-02,-4.4,-4.48
1.7378e-02,-4.24,-4.16
1.7384e-02,-4.4,-4.64
1.7390e-02,-4.32,-4.08
1.7397e-02,-4.16,-4.4
1.7403e-02,-4.16,-4
1.7410e-02,-4.16,-4.32
1.7416e-02,-4,-3.84
1.7422e-02,-3.76,-4.32
1.7429e-02,-3.84,-3.52
1.7435e-02,-4.4,-4.48
1.7442e-02,-4.24,-4.08
1.7448e-02,-4.08,-4.32
1.7454e-02,-4.16,-3.92
1.7461e-02,-4.24,-4.8
1.7467e-02,-4.4,-4
1.7474e-02,-4.72,-4.88
1.7480e-02,-4.4,-4.16
1.7486e-02,-4.16,-4.4
1.7493e-02,-4.24,-4.08
1.7499e-02,-4.08,-4.48
1.7506e-02,-4.32,-4
1.7512e-02,-4.32,-4.72
1.7518e-02,-4.64,-4.16
1.7525e-02,-4,-4.32
1.7531e-02,-3.92,-3.76
1.7538e-02,-3.84,-4.24
1.7544e-02,-4.08,-3.76
1.7550e-02,-4.08,-4.48
1.7557e-02,-4.32,-4
1.7563e-02,-4.32,-4.48
1.7570e-02,-4.16,-4
1.7576e-02,-4.16,-4.32
1.7582e-02,-4.16,-4
1.7589e-02,-4.4,-4.56
1.7595e-02,-4.24,-3.92
1.7602e-02,-3.76,-4.24
1.7608e-02,-4.08,-3.68
1.7614e-02,-4.16,-4.56
1.7621e-02,-4.4,-4
1.7627e-02,-4.4,-4.8
1.7634e-02,-4.48,-4.16
1.7640e-02,-4.72,-4.88
1.7646e-02,-4.56,-4.48
1.7653e-02,-4.4,-4.8
1.7659e-02,-4.64,-4.32
1.7666e-02,-4.72,-4.8
1.7672e-02,-4.56,-4.4
1.7678e-02,-4.56,-4.8
1.7685e-02,-4.72,-4.32
1.7691e-02,-4,-4.4
1.7698e-02,-3.92,-3.76
1.7704e-02,-4.16,-4.32
1.7710e-02,-4.24,-4
1.7717e-02,-4.08,-4.4
1.7723e-02,-4.16,-4
1.7730e-02,-4.24,-4.4
1.7736e-02,-4,-3.84
1.7742e-02,-4,-4.32
1.7749e-02,-4.08,-3.84
1.7755e-02,-4,-4.24
1.7762e-02,-4.08,-3.92
1.7768e-02,-3.92,-4.16
1.7774e-02,-3.76,-3.6
1.7781e-02,-4.08,-4.24
1.7787e-02,-4.08,-3.92
1.7794e-02,-4.24,-4.4
1.7800e-02,-4.24,-4.08
1.7806e-02,-4.32,-4.4
1.7813e-02,-4.32,-4
1.7819e-02,-4.08,-4.72
1.7826e-02,-4.64,-3.92
1.7832e-02,-4.24,-4.4
1.7838e-02,-3.92,-3.84
1.7845e-02,-4.08,-4.16
1.7851e-02,-3.76,-3.68
1.7858e-02,-3.92,-4.4
1.7864e-02,-4.32,-3.76
1.7870e-02,-4.32,-4.64
1.7877e-02,-4.48,-4.16
1.7883e-02,-4.32,-4.56
1.7890e-02,-3.84,-3.76
1.7896e-02,-4.08,-4.56
1.7902e-02,-4.24,-3.84
1.7909e-02,-4.48,-4.56
1.7915e-02,-4.24,-4.16
1.7922e-02,-4.16,-4.48
1.7928e-02,-4.16,-4.08
1.7934e-02,-4.4,-4.56
1.7941e-02,-4.4,-4.08
1.7947e-02,-4.32,-4.64
1.7954e-02,-4.48,-4.08
1.7960e-02,-4.56,-4.72
1.7966e-02,-4.4,-4.16
1.7973e-02,-4.32,-4.56
1.7979e-02,-4.48,-4.16
1.7986e-02,-4.16,-4.48
1.7992e-02,-4.24,-4
1.7998e-02,-4.48,-4.64
1.8005e-02,-4.48,-4.32
1.8011e-02,-4.56,-4.72
1.8018e-02,-4.4,-4.16
1.8024e-02,-4.24,-4.72
1.8030e-02,-4.48,-4.08
1.8037e-02,-4.4,-4.64
1.8043e-02,-4.48,-3.92
1.8050e-02,-3.84,-4.08
1.8056e-02,-4,-3.76
1.8062e-02,-4.08,-4.56
1.8069e-02,-4.32,-3.92
1.8075e-02,-4.32,-4.72
1.8082e-02,-4.16,-4.08
1.8088e-02,-4.72,-4.88
1.8094e-02,-4.16,-3.92
1.8101e-02,-4,-4.16
1.8107e-02,-3.92,-3.76

